location_id,location_name,year,val,metric_id
527,California,2017,4457.969122,1
527,California,2013,4224.86062,1
527,California,2012,4157.952585,1
527,California,2011,4111.264308,1
527,California,2009,4037.822058,1
527,California,1993,3984.62727,1
527,California,1990,3973.869677,1
527,California,1991,3927.92443,1
527,California,1994,3912.625447,1
527,California,2008,3904.484234,1
527,California,2007,3895.701022,1
527,California,1995,3854.703904,1
527,California,2006,3824.443458,1
527,California,2005,3704.650309,1
527,California,2003,3651.534235,1
527,California,1997,3611.602814,1
527,California,1998,3583.699207,1
566,Texas,2015,3580.827064,1
527,California,2002,3513.777614,1
527,California,2001,3469.211426,1
527,California,1999,3425.026248,1
566,Texas,2013,3373.891528,1
566,Texas,2012,3275.044648,1
532,Florida,2015,3241.931443,1
566,Texas,2011,3164.486828,1
566,Texas,2009,3050.971547,1
532,Florida,2012,3020.458973,1
532,Florida,2013,3018.8011,1
532,Florida,2011,3002.012009,1
532,Florida,2009,2972.047497,1
566,Texas,2008,2951.960066,1
532,Florida,2008,2939.048615,1
566,Texas,2007,2837.530575,1
532,Florida,2007,2837.341662,1
532,Florida,2006,2771.412156,1
566,Texas,2006,2705.114396,1
532,Florida,2005,2675.678232,1
566,Texas,2005,2627.534127,1
532,Florida,2004,2585.595838,1
566,Texas,2003,2541.495039,1
532,Florida,2003,2529.942574,1
566,Texas,2002,2516.271026,1
566,Texas,1994,2435.823781,1
566,Texas,2001,2432.170724,1
532,Florida,2001,2432.162188,1
566,Texas,1993,2428.489551,1
566,Texas,1992,2403.914325,1
566,Texas,1996,2400.985437,1
566,Texas,1995,2385.081098,1
566,Texas,1990,2377.037037,1
566,Texas,1991,2373.332543,1
566,Texas,1997,2364.575831,1
532,Florida,2000,2353.379699,1
566,Texas,2000,2344.991069,1
566,Texas,1998,2331.031719,1
532,Florida,1995,2294.089358,1
566,Texas,1999,2286.585535,1
532,Florida,1998,2278.984848,1
532,Florida,1999,2268.971239,1
532,Florida,1997,2258.725408,1
532,Florida,1996,2254.671845,1
532,Florida,1993,2195.216211,1
532,Florida,1990,2173.64978,1
532,Florida,1991,2131.030836,1
532,Florida,1992,2124.408963,1
561,Pennsylvania,2015,1972.383841,1
561,Pennsylvania,2011,1884.79531,1
561,Pennsylvania,2013,1880.7445,1
561,Pennsylvania,2012,1858.662116,1
555,New York,2011,1829.357229,1
555,New York,2012,1811.642072,1
555,New York,2017,1793.227224,1
555,New York,2013,1790.027868,1
561,Pennsylvania,2010,1779.040077,1
555,New York,2015,1773.297828,1
561,Pennsylvania,2009,1761.754498,1
555,New York,1990,1755.28535,1
555,New York,1991,1737.157454,1
558,Ohio,2015,1735.179148,1
561,Pennsylvania,2008,1720.289262,1
555,New York,1992,1704.470655,1
555,New York,1993,1682.955072,1
561,Pennsylvania,2006,1671.990963,1
561,Pennsylvania,1993,1667.683066,1
561,Pennsylvania,2007,1662.47685,1
561,Pennsylvania,1995,1657.522197,1
561,Pennsylvania,1997,1656.185072,1
561,Pennsylvania,1996,1655.860884,1
561,Pennsylvania,2005,1644.827678,1
561,Pennsylvania,1994,1643.43643,1
561,Pennsylvania,1992,1639.562078,1
555,New York,2008,1631.153,1
558,Ohio,2013,1628.073564,1
561,Pennsylvania,1990,1627.524841,1
561,Pennsylvania,1991,1624.398515,1
558,Ohio,2011,1610.974166,1
558,Ohio,2012,1605.771692,1
555,New York,2007,1591.190525,1
561,Pennsylvania,2002,1573.400138,1
561,Pennsylvania,2004,1568.542484,1
555,New York,1995,1568.180314,1
561,Pennsylvania,2003,1565.10014,1
558,Ohio,2010,1555.635048,1
561,Pennsylvania,2000,1551.909983,1
561,Pennsylvania,1998,1546.053354,1
555,New York,2006,1545.807547,1
561,Pennsylvania,2001,1544.088417,1
558,Ohio,2009,1541.748448,1
558,Ohio,2008,1536.440796,1
555,New York,1997,1521.377655,1
545,Michigan,2015,1519.605053,1
555,New York,2001,1505.819812,1
555,New York,1999,1504.060439,1
555,New York,1998,1501.826706,1
555,New York,2005,1500.758587,1
555,New York,2002,1495.765214,1
555,New York,2000,1482.165422,1
558,Ohio,2007,1478.012109,1
555,New York,2004,1475.698385,1
555,New York,2003,1469.273903,1
556,North Carolina,2017,1459.944112,1
558,Ohio,2006,1449.301862,1
558,Ohio,2005,1446.635644,1
545,Michigan,2011,1444.433972,1
545,Michigan,2010,1415.782701,1
558,Ohio,2004,1401.96581,1
536,Illinois,2012,1398.045409,1
556,North Carolina,2014,1391.707703,1
558,Ohio,2002,1378.558574,1
545,Michigan,2009,1372.364801,1
558,Ohio,1991,1371.790542,1
558,Ohio,2003,1370.855968,1
525,Arizona,2016,1368.48631,1
558,Ohio,1990,1366.566008,1
525,Arizona,2018,1359.288394,1
545,Michigan,2008,1359.02852,1
556,North Carolina,2013,1345.565149,1
558,Ohio,1992,1341.887376,1
556,North Carolina,2012,1330.546433,1
533,Georgia,2014,1329.526445,1
536,Illinois,1990,1328.458364,1
558,Ohio,1995,1324.448071,1
536,Illinois,1991,1317.797342,1
558,Ohio,1993,1316.288632,1
558,Ohio,2000,1309.135378,1
556,North Carolina,2011,1299.176987,1
558,Ohio,1996,1295.002853,1
558,Ohio,1997,1295.001853,1
536,Illinois,1994,1288.764602,1
536,Illinois,1992,1286.663823,1
545,Michigan,2005,1285.530307,1
558,Ohio,1998,1283.682692,1
525,Arizona,2014,1273.529668,1
525,Arizona,2013,1266.986071,1
556,North Carolina,2010,1265.289451,1
545,Michigan,2002,1264.352042,1
536,Illinois,1995,1256.460259,1
545,Michigan,2004,1248.209495,1
536,Illinois,2007,1245.337485,1
545,Michigan,2003,1241.031433,1
525,Arizona,2012,1233.137967,1
536,Illinois,2002,1232.061592,1
545,Michigan,2001,1226.171769,1
545,Michigan,1993,1223.135076,1
536,Illinois,2006,1222.801788,1
545,Michigan,1994,1222.645535,1
536,Illinois,2005,1215.706265,1
545,Michigan,1991,1214.989977,1
536,Illinois,2001,1211.360446,1
533,Georgia,2010,1210.927291,1
536,Illinois,1996,1210.082182,1
545,Michigan,1990,1208.070032,1
545,Michigan,1995,1202.157933,1
536,Illinois,2003,1200.719654,1
545,Michigan,2000,1196.896434,1
536,Illinois,1998,1191.618528,1
536,Illinois,1999,1188.881586,1
545,Michigan,1996,1188.082484,1
545,Michigan,1992,1186.829576,1
545,Michigan,1997,1185.16685,1
569,Virginia,2015,1183.60806,1
525,Arizona,2011,1182.088175,1
536,Illinois,2000,1178.956031,1
556,North Carolina,2006,1172.235776,1
528,Colorado,2016,1170.098336,1
525,Arizona,2010,1157.498436,1
533,Georgia,2008,1149.880924,1
570,Washington,2016,1141.788044,1
565,Tennessee,2014,1134.167978,1
525,Arizona,2009,1132.964012,1
565,Tennessee,2015,1128.343953,1
569,Virginia,2013,1127.048191,1
533,Georgia,2007,1124.015045,1
528,Colorado,2018,1123.63345,1
570,Washington,2014,1114.020899,1
556,North Carolina,2005,1107.253211,1
537,Indiana,2017,1103.801528,1
525,Arizona,2007,1098.348269,1
569,Virginia,2011,1096.023775,1
565,Tennessee,2012,1095.899656,1
533,Georgia,2006,1090.752798,1
525,Arizona,2008,1090.422752,1
525,Arizona,2006,1087.541751,1
556,North Carolina,2004,1085.988892,1
565,Tennessee,2011,1083.999336,1
528,Colorado,2014,1077.76202,1
548,Missouri,2015,1071.565442,1
556,North Carolina,2003,1066.418194,1
537,Indiana,2013,1061.370047,1
565,Tennessee,2009,1056.310472,1
569,Virginia,2009,1040.871748,1
569,Virginia,2008,1036.455979,1
556,North Carolina,2001,1034.119169,1
533,Georgia,2003,1032.17092,1
525,Arizona,2005,1028.155224,1
528,Colorado,2013,1027.154659,1
565,Tennessee,2008,1024.91243,1
537,Indiana,2011,1024.202078,1
528,Colorado,2012,1021.670503,1
556,North Carolina,2000,1018.369359,1
533,Georgia,2002,1015.272025,1
533,Georgia,2001,1013.579165,1
570,Washington,2009,1013.086747,1
565,Tennessee,2007,1005.352176,1
569,Virginia,2007,1002.500545,1
528,Colorado,2011,998.8990638,1
565,Tennessee,2006,997.1321697,1
543,Maryland,2016,994.4546674,1
533,Georgia,2000,985.6055058,1
570,Washington,2008,980.6353175,1
565,Tennessee,2005,972.5182139,1
533,Georgia,1996,972.0813399,1
569,Virginia,2006,971.4499662,1
556,North Carolina,1998,960.7621458,1
548,Missouri,2010,960.4329403,1
528,Colorado,2009,959.6741218,1
525,Arizona,2004,954.7340339,1
533,Georgia,1995,949.6677179,1
537,Indiana,2006,948.8995901,1
569,Virginia,2005,948.1591535,1
556,North Carolina,1997,945.6193472,1
556,North Carolina,1996,944.5098518,1
533,Georgia,1993,943.908536,1
528,Colorado,2010,941.1424163,1
565,Tennessee,2004,940.3154277,1
537,Indiana,2007,939.4889635,1
525,Arizona,2003,938.0884871,1
556,North Carolina,1994,932.9014947,1
533,Georgia,1994,931.5556804,1
533,Georgia,1990,930.4338338,1
533,Georgia,1991,926.7380642,1
569,Virginia,2003,925.5159391,1
525,Arizona,2002,923.6543302,1
528,Colorado,2008,923.5940324,1
548,Missouri,2008,918.9086598,1
570,Washington,2006,917.7451699,1
556,North Carolina,1993,916.8876129,1
533,Georgia,1992,913.5187851,1
565,Tennessee,2003,912.3454783,1
556,North Carolina,1990,907.6541399,1
570,Washington,2005,905.1017913,1
543,Maryland,1995,902.6430883,1
537,Indiana,2005,897.3241459,1
569,Virginia,2002,895.3130948,1
556,North Carolina,1991,892.8310949,1
556,North Carolina,1992,891.0980006,1
569,Virginia,1995,886.3633131,1
569,Virginia,1996,885.333098,1
569,Virginia,1993,884.9395083,1
565,Tennessee,2002,882.5723505,1
569,Virginia,1994,881.0310201,1
570,Washington,2003,879.5825654,1
570,Washington,1996,879.3942977,1
528,Colorado,2007,878.0383125,1
543,Maryland,1996,877.7746329,1
525,Arizona,2001,877.1781158,1
569,Virginia,1997,874.8496774,1
570,Washington,2002,874.1973935,1
572,Wisconsin,2015,873.0907608,1
537,Indiana,2003,872.5986955,1
569,Virginia,1998,872.2730517,1
570,Washington,2004,872.2603259,1
569,Virginia,1991,870.6102183,1
569,Virginia,2001,870.4891908,1
569,Virginia,2000,870.0467677,1
569,Virginia,1990,867.4371173,1
543,Maryland,1994,864.7022212,1
523,Alabama,2016,864.5849124,1
569,Virginia,1999,863.9397822,1
570,Washington,1995,860.4616753,1
548,Missouri,2007,859.3508685,1
525,Arizona,2000,856.1203312,1
543,Maryland,1998,855.570414,1
565,Tennessee,2001,853.23647,1
523,Alabama,2015,849.8887723,1
570,Washington,1997,844.7070363,1
565,Tennessee,2000,843.8239844,1
528,Colorado,2006,840.3695121,1
548,Missouri,2005,839.785874,1
525,Arizona,1998,839.2241274,1
525,Arizona,1999,836.5366137,1
528,Colorado,2005,836.4707308,1
570,Washington,2000,836.4424131,1
570,Washington,1998,836.2082357,1
570,Washington,1994,835.1645269,1
525,Arizona,1996,832.9366757,1
537,Indiana,2001,832.4799507,1
570,Washington,2001,826.879084,1
523,Alabama,2014,826.5415626,1
525,Arizona,1995,824.9762381,1
570,Washington,1993,824.4967066,1
572,Wisconsin,2011,824.4775442,1
525,Arizona,1997,823.5475867,1
544,Massachusetts,1994,823.0257791,1
544,Massachusetts,1995,822.7878963,1
572,Wisconsin,2012,821.1414714,1
543,Maryland,2012,820.840269,1
565,Tennessee,1999,820.5548593,1
537,Indiana,2000,816.5616015,1
523,Alabama,2012,816.0608271,1
537,Indiana,1995,810.6331439,1
528,Colorado,2003,810.2671955,1
565,Tennessee,1998,808.6009946,1
543,Maryland,2009,808.2801714,1
528,Colorado,2004,808.0491526,1
544,Massachusetts,1996,807.6803565,1
525,Arizona,1994,806.3194299,1
548,Missouri,1995,805.8326824,1
537,Indiana,1994,805.0846318,1
544,Massachusetts,1992,805.0725399,1
565,Tennessee,1997,804.2816608,1
537,Indiana,1998,804.1699821,1
544,Massachusetts,1993,802.6923186,1
572,Wisconsin,2010,802.1390684,1
537,Indiana,1991,801.1502561,1
548,Missouri,2002,798.7949904,1
528,Colorado,2002,797.9625344,1
543,Maryland,2011,797.8735818,1
548,Missouri,2003,797.851852,1
523,Alabama,2011,796.8709165,1
537,Indiana,1993,795.2097118,1
537,Indiana,1997,795.0007115,1
570,Washington,1992,792.7679161,1
544,Massachusetts,1997,792.5186883,1
537,Indiana,1999,792.339317,1
570,Washington,1990,791.2687986,1
543,Maryland,2006,788.982153,1
548,Missouri,2001,788.0404539,1
548,Missouri,1996,785.9738261,1
523,Alabama,2010,784.374643,1
565,Tennessee,1995,784.1142103,1
560,Oregon,2016,781.9181052,1
543,Maryland,2000,781.0086767,1
572,Wisconsin,2007,780.9877176,1
559,Oklahoma,2016,780.1802077,1
537,Indiana,1990,780.1421454,1
553,New Jersey,2013,779.240047,1
570,Washington,1991,778.8681004,1
553,New Jersey,2014,778.585701,1
565,Tennessee,1996,778.554731,1
543,Maryland,2003,777.694848,1
543,Maryland,1992,777.3604969,1
543,Maryland,2010,776.5693303,1
537,Indiana,1992,776.2947767,1
525,Arizona,1993,776.0215292,1
544,Massachusetts,1998,775.5991606,1
563,South Carolina,2015,772.8878878,1
572,Wisconsin,2008,771.9711092,1
528,Colorado,2001,771.6336764,1
543,Maryland,2002,770.5062405,1
572,Wisconsin,2009,770.2538264,1
560,Oregon,2014,769.6163991,1
548,Missouri,2000,768.8940315,1
548,Missouri,1991,768.5400762,1
548,Missouri,1993,768.1028947,1
553,New Jersey,2012,765.092671,1
543,Maryland,2001,764.3448497,1
543,Maryland,2004,763.6636292,1
559,Oklahoma,2014,762.2397071,1
523,Alabama,2008,759.2588617,1
544,Massachusetts,1990,757.5199242,1
548,Missouri,1992,753.9261952,1
548,Missouri,1990,753.8232301,1
553,New Jersey,2011,753.3628601,1
546,Minnesota,2015,752.2562862,1
565,Tennessee,1993,750.8776333,1
544,Massachusetts,1991,750.8186802,1
565,Tennessee,1994,748.6553886,1
560,Oregon,2013,738.9266711,1
523,Alabama,2007,735.1390214,1
572,Wisconsin,2006,735.1063137,1
544,Massachusetts,2016,735.0049943,1
523,Alabama,2006,734.0163792,1
563,South Carolina,2014,732.8056659,1
543,Maryland,1991,730.1858673,1
560,Oregon,2012,730.10388,1
559,Oklahoma,2012,728.7345176,1
543,Maryland,1990,727.2252068,1
546,Minnesota,2014,724.302056,1
565,Tennessee,1992,723.1832391,1
528,Colorado,1995,723.0855181,1
565,Tennessee,1990,721.7440145,1
560,Oregon,2011,721.6092576,1
544,Massachusetts,2002,721.5249958,1
559,Oklahoma,2011,720.9722177,1
540,Kentucky,2010,719.4774248,1
544,Massachusetts,2001,718.9166692,1
525,Arizona,1992,716.2030428,1
553,New Jersey,2006,715.7846862,1
528,Colorado,2000,715.6268564,1
528,Colorado,1996,712.5294435,1
528,Colorado,1994,712.4061068,1
565,Tennessee,1991,711.7735629,1
563,South Carolina,2013,710.5041391,1
553,New Jersey,1994,710.0245667,1
572,Wisconsin,2003,709.9266388,1
544,Massachusetts,2003,709.5498903,1
553,New Jersey,1995,709.350252,1
528,Colorado,1998,706.8306079,1
572,Wisconsin,2002,705.8430983,1
560,Oregon,2009,703.9608332,1
544,Massachusetts,2000,703.8537638,1
546,Minnesota,2011,702.438181,1
528,Colorado,1997,702.2704052,1
560,Oregon,2010,698.2954318,1
525,Arizona,1991,695.9379126,1
559,Oklahoma,2010,695.8981713,1
572,Wisconsin,2004,694.7451454,1
544,Massachusetts,2018,693.0228908,1
572,Wisconsin,2001,685.8297576,1
523,Alabama,2005,685.3523895,1
563,South Carolina,2012,685.0712404,1
553,New Jersey,2001,684.6755845,1
553,New Jersey,2005,684.5862501,1
553,New Jersey,2003,683.3747611,1
553,New Jersey,2002,683.3179786,1
553,New Jersey,1993,681.8938036,1
553,New Jersey,2000,680.3143878,1
546,Minnesota,2010,679.8069601,1
559,Oklahoma,2009,679.2223896,1
563,South Carolina,2011,678.638019,1
525,Arizona,1990,678.3938113,1
540,Kentucky,2007,676.0304491,1
560,Oregon,2008,673.2406744,1
553,New Jersey,2004,672.959643,1
541,Louisiana,2018,671.9434808,1
553,New Jersey,1999,671.6897226,1
560,Oregon,2007,670.5878059,1
544,Massachusetts,2004,669.4771033,1
528,Colorado,1993,669.4369857,1
553,New Jersey,1992,669.1829508,1
572,Wisconsin,2000,668.3813622,1
540,Kentucky,2006,668.1693435,1
523,Alabama,2004,667.1458269,1
567,Utah,2016,667.036449,1
572,Wisconsin,1990,666.0402148,1
553,New Jersey,1998,665.7518677,1
572,Wisconsin,1993,661.270139,1
553,New Jersey,1990,661.224391,1
572,Wisconsin,1996,661.1794423,1
553,New Jersey,1991,659.0359194,1
572,Wisconsin,1998,658.8130441,1
572,Wisconsin,1994,658.1717939,1
572,Wisconsin,1999,657.2472339,1
572,Wisconsin,1995,654.3035679,1
523,Alabama,2003,651.3835486,1
572,Wisconsin,1997,650.9555917,1
544,Massachusetts,2009,645.7135404,1
560,Oregon,2006,645.2990535,1
546,Minnesota,2008,645.2823316,1
541,Louisiana,2005,644.7712278,1
541,Louisiana,2012,643.8698141,1
572,Wisconsin,1991,643.6589604,1
540,Kentucky,2005,643.0613959,1
544,Massachusetts,2010,643.0405394,1
563,South Carolina,2009,637.8890971,1
523,Alabama,1995,637.0655238,1
528,Colorado,1991,636.2202689,1
541,Louisiana,2010,635.4073404,1
572,Wisconsin,1992,634.6132579,1
523,Alabama,2002,634.1733624,1
560,Oregon,2005,632.4878833,1
523,Alabama,1999,632.3175939,1
523,Alabama,2000,632.2525313,1
540,Kentucky,2004,629.8698504,1
528,Colorado,1992,629.4688355,1
541,Louisiana,2008,629.1634197,1
540,Kentucky,2003,628.5640809,1
567,Utah,2014,628.2892478,1
523,Alabama,1997,627.0444599,1
523,Alabama,1998,627.0025471,1
523,Alabama,1996,626.8222269,1
523,Alabama,2001,622.2640019,1
546,Minnesota,2006,621.382442,1
541,Louisiana,2004,621.3313464,1
563,South Carolina,2008,621.0124523,1
544,Massachusetts,2008,618.6810113,1
523,Alabama,1994,617.0862885,1
541,Louisiana,2006,614.7551548,1
560,Oregon,2003,613.270732,1
567,Utah,2013,610.4338081,1
560,Oregon,2004,604.6728478,1
541,Louisiana,2003,604.4551207,1
523,Alabama,1993,604.2085961,1
541,Louisiana,1993,604.114301,1
567,Utah,2012,602.6587815,1
563,South Carolina,2007,601.6008714,1
541,Louisiana,1994,601.2454119,1
541,Louisiana,1991,598.2426301,1
528,Colorado,1990,598.190774,1
551,Nevada,2014,598.0530595,1
559,Oklahoma,2006,597.8380161,1
560,Oregon,2002,597.0375202,1
541,Louisiana,1992,595.4750635,1
541,Louisiana,1990,595.243211,1
526,Arkansas,2015,594.3487219,1
523,Alabama,1991,593.0287729,1
541,Louisiana,1995,592.3456685,1
541,Louisiana,2002,592.2001775,1
541,Louisiana,1996,592.073371,1
559,Oklahoma,2005,591.7530349,1
560,Oregon,1998,590.3296668,1
526,Arkansas,2016,590.2824119,1
551,Nevada,2013,589.3357323,1
540,Kentucky,2001,589.2953463,1
560,Oregon,1996,588.6030021,1
523,Alabama,1992,587.8148826,1
541,Louisiana,1997,586.8877122,1
563,South Carolina,2006,586.1835695,1
567,Utah,2011,582.2911187,1
526,Arkansas,2017,580.8321754,1
541,Louisiana,1998,577.4429448,1
541,Louisiana,2001,577.1665065,1
546,Minnesota,2003,576.6086976,1
551,Nevada,2012,576.5123576,1
546,Minnesota,2004,575.9662064,1
541,Louisiana,2000,575.434415,1
523,Alabama,1990,575.3129558,1
546,Minnesota,2002,574.1217637,1
560,Oregon,1997,572.3701157,1
560,Oregon,2001,571.8663445,1
560,Oregon,1995,571.6847431,1
540,Kentucky,2000,567.9959497,1
546,Minnesota,1995,567.9251109,1
563,South Carolina,2005,565.2802511,1
559,Oklahoma,2004,564.0372555,1
526,Arkansas,2013,563.5795707,1
559,Oklahoma,2002,562.1224522,1
551,Nevada,2008,561.828035,1
559,Oklahoma,2003,561.8210307,1
546,Minnesota,1994,561.5433205,1
551,Nevada,2009,560.7647318,1
560,Oregon,1994,560.0185889,1
526,Arkansas,2012,556.9073115,1
540,Kentucky,1993,556.2444603,1
551,Nevada,2007,556.042372,1
540,Kentucky,1997,555.3326127,1
546,Minnesota,1992,554.1087534,1
567,Utah,2009,554.0495531,1
546,Minnesota,1991,553.5377937,1
546,Minnesota,1996,553.4382235,1
540,Kentucky,1994,553.2234422,1
540,Kentucky,1995,552.3549703,1
540,Kentucky,1999,551.4269669,1
546,Minnesota,1990,550.9104623,1
526,Arkansas,2011,550.1444585,1
546,Minnesota,2001,549.2348146,1
560,Oregon,2000,546.6584373,1
559,Oklahoma,2000,545.9874754,1
540,Kentucky,1998,545.93219,1
540,Kentucky,1990,543.3759316,1
540,Kentucky,1991,542.6921806,1
551,Nevada,2006,542.6486018,1
559,Oklahoma,1997,539.9108956,1
540,Kentucky,1992,539.7717906,1
560,Oregon,1993,537.3722791,1
559,Oklahoma,1999,536.6199856,1
526,Arkansas,2008,536.2211141,1
551,Nevada,2005,533.599699,1
526,Arkansas,2009,531.4778525,1
559,Oklahoma,1998,530.6288709,1
567,Utah,2008,529.6668422,1
559,Oklahoma,1995,526.9945677,1
563,South Carolina,2003,524.660117,1
559,Oklahoma,1996,519.2090614,1
559,Oklahoma,1994,519.104889,1
559,Oklahoma,1993,518.0747874,1
563,South Carolina,2002,517.2106605,1
563,South Carolina,2001,516.1367892,1
567,Utah,2006,508.4638732,1
563,South Carolina,2000,504.6978297,1
526,Arkansas,2007,502.8881376,1
560,Oregon,1992,502.7378724,1
563,South Carolina,1993,496.4953374,1
560,Oregon,1990,495.2502417,1
526,Arkansas,2006,493.3522431,1
563,South Carolina,1996,492.6205431,1
560,Oregon,1991,490.4724623,1
551,Nevada,2003,489.6881668,1
563,South Carolina,1998,488.3020672,1
559,Oklahoma,1992,487.1282224,1
563,South Carolina,1995,484.7464542,1
563,South Carolina,1997,484.3014793,1
539,Kansas,2015,483.7952332,1
563,South Carolina,1994,481.3116237,1
539,Kansas,2017,478.1759269,1
563,South Carolina,1991,477.6085284,1
567,Utah,2005,475.9511897,1
563,South Carolina,1992,475.312419,1
539,Kansas,2012,475.0107345,1
526,Arkansas,2005,473.2674278,1
551,Nevada,2002,471.3085471,1
559,Oklahoma,1991,470.7001096,1
539,Kansas,2013,467.7604713,1
567,Utah,2003,460.9989113,1
563,South Carolina,1990,460.1214369,1
559,Oklahoma,1990,458.0613474,1
538,Iowa,2018,457.7372921,1
539,Kansas,2011,457.723852,1
526,Arkansas,2004,457.7082761,1
526,Arkansas,2003,452.1988881,1
547,Mississippi,2015,451.500046,1
526,Arkansas,2002,449.8753494,1
554,New Mexico,2014,449.4462773,1
551,Nevada,2001,446.6922587,1
547,Mississippi,2014,446.1526647,1
538,Iowa,2013,445.3729733,1
551,Nevada,2000,442.3558253,1
526,Arkansas,2001,434.4400434,1
567,Utah,2002,434.2878937,1
539,Kansas,2009,433.8914151,1
547,Mississippi,2010,430.5948158,1
538,Iowa,2012,429.4568696,1
547,Mississippi,2008,426.7212032,1
526,Arkansas,2000,425.7395127,1
547,Mississippi,2007,425.630575,1
554,New Mexico,2012,425.2125854,1
567,Utah,1998,424.0159041,1
547,Mississippi,2009,423.3746404,1
554,New Mexico,2013,421.5110731,1
567,Utah,2001,421.244085,1
547,Mississippi,2006,420.1966198,1
539,Kansas,2008,419.3568539,1
538,Iowa,2010,417.5394335,1
554,New Mexico,2011,415.2139667,1
526,Arkansas,1997,413.6399462,1
551,Nevada,1995,413.3699456,1
554,New Mexico,2008,412.182125,1
567,Utah,1999,411.5809258,1
526,Arkansas,1998,410.3778858,1
539,Kansas,2007,410.3764011,1
526,Arkansas,1999,409.7480857,1
567,Utah,1997,405.0823866,1
538,Iowa,2008,402.2721143,1
567,Utah,2000,402.0390523,1
526,Arkansas,1995,395.9366815,1
554,New Mexico,2007,394.9876982,1
526,Arkansas,1996,394.8954787,1
539,Kansas,2005,391.5374678,1
547,Mississippi,2004,390.8058006,1
551,Nevada,1994,390.6767136,1
526,Arkansas,1994,389.7158261,1
567,Utah,1996,386.7092502,1
567,Utah,1995,384.5941442,1
539,Kansas,2004,380.684595,1
547,Mississippi,2003,377.1104545,1
526,Arkansas,1993,376.5451282,1
547,Mississippi,2002,376.4226128,1
529,Connecticut,2015,374.192399,1
554,New Mexico,2006,373.3315924,1
567,Utah,1994,370.7305529,1
529,Connecticut,1994,370.5193574,1
529,Connecticut,1993,368.4711452,1
539,Kansas,2003,368.0906973,1
571,West Virginia,2011,367.0784299,1
529,Connecticut,2013,366.4609193,1
538,Iowa,2006,365.9707316,1
529,Connecticut,1992,364.8386497,1
547,Mississippi,2001,363.8078374,1
529,Connecticut,2012,362.1070911,1
526,Arkansas,1992,361.9345012,1
539,Kansas,2001,361.7544713,1
571,West Virginia,2012,361.6025234,1
538,Iowa,1994,360.7284062,1
538,Iowa,2003,359.8919572,1
547,Mississippi,2000,359.764751,1
538,Iowa,1995,359.4768198,1
529,Connecticut,1991,359.1901833,1
538,Iowa,2005,359.1588249,1
571,West Virginia,2017,359.093033,1
571,West Virginia,2015,358.9338622,1
551,Nevada,1993,358.8508619,1
529,Connecticut,1995,358.7536008,1
526,Arkansas,1991,358.3051335,1
529,Connecticut,1990,358.0768816,1
547,Mississippi,1997,356.3686371,1
547,Mississippi,1999,355.4899439,1
554,New Mexico,2005,353.2064023,1
554,New Mexico,2004,352.7312335,1
571,West Virginia,2013,352.6237603,1
539,Kansas,1997,352.177185,1
547,Mississippi,1995,352.1173922,1
554,New Mexico,2003,351.943159,1
539,Kansas,1996,351.7695512,1
538,Iowa,2004,351.6340824,1
547,Mississippi,1994,351.6286809,1
538,Iowa,1991,351.4818859,1
526,Arkansas,1990,351.3635224,1
529,Connecticut,2011,351.1140869,1
539,Kansas,2000,350.6439039,1
539,Kansas,1999,349.9248005,1
538,Iowa,1993,347.8953797,1
554,New Mexico,2002,347.4496924,1
538,Iowa,1997,347.1533979,1
547,Mississippi,1993,346.2469128,1
538,Iowa,1998,345.1090866,1
551,Nevada,1992,345.0010246,1
571,West Virginia,2009,344.6097963,1
538,Iowa,2002,344.5331579,1
539,Kansas,1993,343.5317702,1
529,Connecticut,1996,343.0409186,1
567,Utah,1993,342.6534375,1
538,Iowa,1990,341.8407506,1
538,Iowa,1992,341.6028795,1
538,Iowa,2000,341.4601671,1
539,Kansas,1991,341.0751672,1
529,Connecticut,2009,340.4014432,1
547,Mississippi,1992,340.1339703,1
571,West Virginia,2007,338.6206737,1
529,Connecticut,2008,338.1073901,1
535,Idaho,2015,336.7670854,1
538,Iowa,2001,335.889606,1
539,Kansas,1992,335.0132026,1
554,New Mexico,2001,334.8518632,1
571,West Virginia,2008,331.7155623,1
547,Mississippi,1991,331.6492881,1
529,Connecticut,2000,331.3679149,1
529,Connecticut,1997,330.5075267,1
539,Kansas,1990,328.5116398,1
551,Nevada,1991,326.6613937,1
529,Connecticut,2006,325.3602997,1
529,Connecticut,1998,323.3301108,1
529,Connecticut,2007,323.1332646,1
571,West Virginia,2006,322.4258865,1
529,Connecticut,2005,321.5806452,1
529,Connecticut,2001,320.6413561,1
554,New Mexico,2000,320.2555998,1
529,Connecticut,2003,319.1846004,1
535,Idaho,2013,318.9738735,1
529,Connecticut,2004,318.6162947,1
567,Utah,1992,317.8763982,1
529,Connecticut,1999,317.4717029,1
554,New Mexico,1995,317.3760695,1
551,Nevada,1990,316.4313157,1
547,Mississippi,1990,315.3095952,1
554,New Mexico,1997,315.2812711,1
571,West Virginia,2002,314.1275533,1
571,West Virginia,2003,311.3132768,1
554,New Mexico,1998,310.0148057,1
567,Utah,1991,309.1632196,1
554,New Mexico,1994,308.7343514,1
571,West Virginia,2005,307.1011073,1
554,New Mexico,1993,305.4047788,1
554,New Mexico,1991,303.876225,1
571,West Virginia,2004,303.2627299,1
535,Idaho,2012,302.9324028,1
535,Idaho,2011,301.5605046,1
554,New Mexico,1990,301.1821935,1
571,West Virginia,2001,300.0856872,1
554,New Mexico,1992,299.8536345,1
567,Utah,1990,295.2422395,1
571,West Virginia,2000,291.5873172,1
535,Idaho,2009,287.999569,1
571,West Virginia,1998,287.1537032,1
571,West Virginia,1993,285.5632778,1
571,West Virginia,1999,283.9166645,1
571,West Virginia,1997,280.9361975,1
571,West Virginia,1996,280.8610843,1
571,West Virginia,1991,278.9622947,1
571,West Virginia,1992,278.7032397,1
571,West Virginia,1995,278.2591306,1
535,Idaho,2008,270.0172843,1
550,Nebraska,2014,264.4268385,1
571,West Virginia,1990,262.3544599,1
550,Nebraska,2015,260.613172,1
535,Idaho,2007,257.3857541,1
535,Idaho,2006,250.341259,1
550,Nebraska,2013,246.2544789,1
535,Idaho,2005,241.3525968,1
535,Idaho,2004,239.607495,1
549,Montana,2014,237.892979,1
535,Idaho,2003,234.8716423,1
542,Maine,2015,233.7971741,1
550,Nebraska,2009,223.6667729,1
550,Nebraska,2007,222.3475293,1
550,Nebraska,2002,222.33603,1
550,Nebraska,2006,221.1481727,1
542,Maine,2013,220.9226122,1
549,Montana,2008,220.7062981,1
552,New Hampshire,2014,218.9213213,1
542,Maine,2012,218.2763631,1
550,Nebraska,1999,217.8667702,1
534,Hawaii,2014,216.7515277,1
535,Idaho,2001,216.5592364,1
534,Hawaii,2015,216.2990328,1
550,Nebraska,1994,215.2802375,1
550,Nebraska,2001,213.8241616,1
542,Maine,2011,212.4174271,1
550,Nebraska,2003,212.2927606,1
534,Hawaii,2011,211.7841196,1
550,Nebraska,1993,210.8870685,1
534,Hawaii,2017,210.2871034,1
550,Nebraska,2000,208.8465187,1
550,Nebraska,1995,208.7629806,1
534,Hawaii,2012,208.7402087,1
542,Maine,2010,208.0126394,1
549,Montana,2006,207.6937144,1
534,Hawaii,2013,207.6728908,1
535,Idaho,1998,207.0668895,1
549,Montana,2007,207.0392202,1
550,Nebraska,2004,206.8756858,1
550,Nebraska,1990,206.8133128,1
550,Nebraska,1991,206.2151071,1
550,Nebraska,1992,204.5334349,1
534,Hawaii,2009,203.9911222,1
535,Idaho,1999,201.7405655,1
542,Maine,2009,200.4125751,1
535,Idaho,1995,199.741138,1
542,Maine,2008,198.8885336,1
549,Montana,2003,198.2536186,1
535,Idaho,2000,197.8774673,1
535,Idaho,1996,197.2476624,1
542,Maine,2007,196.8501339,1
552,New Hampshire,2012,195.6492406,1
535,Idaho,1993,195.5685032,1
542,Maine,2005,191.5873878,1
549,Montana,2002,191.1285542,1
549,Montana,2004,190.9677426,1
534,Hawaii,2007,188.7801181,1
535,Idaho,1992,184.6401493,1
534,Hawaii,2006,180.5170057,1
549,Montana,1996,180.4775479,1
542,Maine,2002,180.3810758,1
542,Maine,2004,180.3711964,1
549,Montana,1995,180.2133787,1
542,Maine,1991,178.1352922,1
549,Montana,2000,177.5611746,1
542,Maine,1993,176.9765493,1
552,New Hampshire,2005,176.9355221,1
542,Maine,2003,176.7304167,1
542,Maine,1992,176.0325671,1
549,Montana,1999,175.1840776,1
535,Idaho,1990,174.7952943,1
552,New Hampshire,2007,174.1954709,1
524,Alaska,2017,174.1522227,1
549,Montana,1994,174.0551125,1
534,Hawaii,2005,173.3382256,1
524,Alaska,2015,172.9409414,1
542,Maine,2000,171.5424447,1
549,Montana,1993,171.1688025,1
552,New Hampshire,2006,170.5478569,1
542,Maine,1990,169.9836566,1
535,Idaho,1991,169.5578058,1
542,Maine,1997,168.7238369,1
542,Maine,1996,167.7404212,1
549,Montana,1992,167.1726491,1
534,Hawaii,1994,167.0811762,1
534,Hawaii,1995,166.6416461,1
524,Alaska,2014,165.4731894,1
549,Montana,1991,164.7132503,1
534,Hawaii,1997,164.6367674,1
552,New Hampshire,2003,164.3653729,1
552,New Hampshire,2002,163.7059008,1
552,New Hampshire,1998,162.7772117,1
524,Alaska,2012,162.6967944,1
564,South Dakota,2016,161.3385682,1
524,Alaska,2011,161.1615263,1
552,New Hampshire,2004,160.3456126,1
524,Alaska,2013,159.7453246,1
534,Hawaii,2001,157.5908757,1
549,Montana,1990,156.3308547,1
552,New Hampshire,1990,156.3120596,1
524,Alaska,2010,155.7715473,1
534,Hawaii,1999,155.6029046,1
552,New Hampshire,2000,155.4522702,1
534,Hawaii,2003,155.1113356,1
534,Hawaii,1992,154.4005053,1
534,Hawaii,2002,154.06764,1
534,Hawaii,1993,153.9363827,1
552,New Hampshire,1991,153.2449702,1
552,New Hampshire,1993,153.1605742,1
552,New Hampshire,1994,152.6992053,1
534,Hawaii,2000,152.3458152,1
552,New Hampshire,1999,151.8655183,1
524,Alaska,2009,150.4002022,1
552,New Hampshire,1992,149.306928,1
564,South Dakota,2014,148.8251322,1
534,Hawaii,1990,148.7577606,1
524,Alaska,2008,148.2768078,1
534,Hawaii,1991,146.5972368,1
524,Alaska,2007,143.752291,1
564,South Dakota,2013,142.307836,1
564,South Dakota,2012,139.7532802,1
562,Rhode Island,1993,137.1100767,1
524,Alaska,2006,136.3120272,1
564,South Dakota,2011,135.2276979,1
562,Rhode Island,1990,133.3925243,1
562,Rhode Island,1994,132.2943946,1
564,South Dakota,2009,131.5329739,1
524,Alaska,2004,131.2373629,1
524,Alaska,2005,131.1103211,1
573,Wyoming,2014,130.975047,1
562,Rhode Island,2015,130.927501,1
573,Wyoming,2016,130.7289527,1
562,Rhode Island,2002,130.7268446,1
562,Rhode Island,1992,129.572321,1
557,North Dakota,2014,129.3567667,1
562,Rhode Island,1997,129.0805483,1
562,Rhode Island,1991,128.6912584,1
562,Rhode Island,2003,128.3118319,1
530,Delaware,2016,126.9303643,1
557,North Dakota,2013,126.8191585,1
562,Rhode Island,2014,126.4652106,1
562,Rhode Island,2001,126.3519446,1
562,Rhode Island,2009,126.0915048,1
530,Delaware,2015,125.8931007,1
562,Rhode Island,2010,125.1997247,1
524,Alaska,2003,125.1609707,1
524,Alaska,2002,124.8694139,1
564,South Dakota,2008,124.3468354,1
562,Rhode Island,2012,123.9675154,1
530,Delaware,2012,123.6841223,1
562,Rhode Island,1998,123.6094099,1
562,Rhode Island,1995,123.4369174,1
562,Rhode Island,2000,123.4144475,1
562,Rhode Island,2008,123.3350046,1
573,Wyoming,2010,123.2708678,1
562,Rhode Island,2004,122.7130367,1
530,Delaware,2014,122.4992747,1
562,Rhode Island,1996,122.2806869,1
530,Delaware,2011,122.0075537,1
564,South Dakota,2005,121.9846967,1
562,Rhode Island,1999,121.8037576,1
564,South Dakota,2006,120.9999007,1
562,Rhode Island,2011,120.8916177,1
530,Delaware,2010,120.8506099,1
562,Rhode Island,2006,120.6895206,1
524,Alaska,2001,120.1360225,1
573,Wyoming,2009,119.483469,1
557,North Dakota,2012,118.6949636,1
524,Alaska,2000,118.5578446,1
564,South Dakota,2003,118.0852679,1
530,Delaware,2008,117.8454847,1
573,Wyoming,2008,117.7492549,1
564,South Dakota,2007,117.541821,1
562,Rhode Island,2005,117.452314,1
564,South Dakota,1996,115.228897,1
564,South Dakota,1998,114.842865,1
564,South Dakota,1997,114.5379955,1
524,Alaska,1996,114.2333074,1
530,Delaware,2007,113.4268185,1
524,Alaska,1995,113.2112696,1
524,Alaska,1997,112.8217105,1
557,North Dakota,2011,112.0840096,1
564,South Dakota,2002,111.694362,1
524,Alaska,1999,111.5649355,1
524,Alaska,1994,110.978454,1
524,Alaska,1998,110.9121227,1
564,South Dakota,1995,110.8015733,1
568,Vermont,2015,110.7207159,1
564,South Dakota,2001,110.700747,1
564,South Dakota,2000,110.2304126,1
573,Wyoming,2006,109.076098,1
564,South Dakota,1994,108.9901176,1
530,Delaware,2006,108.6018214,1
557,North Dakota,2010,108.2448284,1
524,Alaska,1993,108.1267357,1
564,South Dakota,1993,107.1531776,1
568,Vermont,2013,105.6457379,1
568,Vermont,2012,104.6942772,1
568,Vermont,2011,104.1693334,1
530,Delaware,2004,103.0490357,1
524,Alaska,1992,102.9639192,1
564,South Dakota,1992,102.424597,1
530,Delaware,2003,101.6695642,1
564,South Dakota,1991,101.4314291,1
564,South Dakota,1990,99.85497922,1
573,Wyoming,2002,99.51937306,1
530,Delaware,2001,99.47562573,1
530,Delaware,2002,99.42119196,1
568,Vermont,2010,99.36310691,1
524,Alaska,1991,98.96070671,1
573,Wyoming,2003,98.94396587,1
573,Wyoming,2004,98.47198545,1
530,Delaware,1994,98.43751563,1
530,Delaware,1996,97.47425126,1
573,Wyoming,2001,97.15654391,1
524,Alaska,1990,96.45681887,1
530,Delaware,2000,95.892785,1
568,Vermont,2009,95.5660293,1
568,Vermont,2008,94.86030845,1
530,Delaware,1995,94.79719592,1
557,North Dakota,2007,94.22857077,1
530,Delaware,1999,93.68976365,1
530,Delaware,1998,93.50332399,1
573,Wyoming,2000,92.36023396,1
573,Wyoming,1994,92.16300171,1
568,Vermont,2007,92.15395256,1
573,Wyoming,1995,91.96638278,1
568,Vermont,2006,91.18187087,1
573,Wyoming,1998,91.02132853,1
557,North Dakota,2006,90.8241542,1
573,Wyoming,1997,90.79712475,1
573,Wyoming,1993,90.47656233,1
573,Wyoming,1996,90.3817255,1
530,Delaware,1992,89.6859985,1
568,Vermont,1992,89.48252696,1
568,Vermont,1990,88.73547098,1
568,Vermont,1991,88.54183911,1
557,North Dakota,2005,88.42007542,1
568,Vermont,1993,88.31772097,1
568,Vermont,2005,88.13859828,1
568,Vermont,2004,87.98922114,1
573,Wyoming,1992,87.47596418,1
568,Vermont,2003,87.07506887,1
530,Delaware,1990,86.92290568,1
568,Vermont,1998,86.66586675,1
568,Vermont,2000,86.64743225,1
568,Vermont,2002,86.49208235,1
530,Delaware,1991,86.25284193,1
568,Vermont,1999,85.71258372,1
568,Vermont,2001,85.58747632,1
568,Vermont,1996,85.20339602,1
568,Vermont,1995,84.77892677,1
573,Wyoming,1991,84.70628314,1
557,North Dakota,2003,84.65465523,1
557,North Dakota,2004,83.97962326,1
568,Vermont,1997,83.60604731,1
557,North Dakota,1995,83.58451736,1
557,North Dakota,1994,83.20241148,1
573,Wyoming,1990,83.10312536,1
557,North Dakota,1997,82.65080777,1
557,North Dakota,1996,82.54784081,1
557,North Dakota,2002,82.41525513,1
557,North Dakota,1998,82.34305784,1
531,District of Columbia,1990,81.18462048,1
557,North Dakota,1990,81.1503422,1
557,North Dakota,2001,81.06006329,1
557,North Dakota,1991,81.02481773,1
557,North Dakota,1992,80.03162129,1
557,North Dakota,2000,79.98599615,1
557,North Dakota,1993,79.91833108,1
531,District of Columbia,1991,74.64667961,1
531,District of Columbia,1992,73.19865633,1
531,District of Columbia,1993,70.9252779,1
531,District of Columbia,1994,67.47653888,1
531,District of Columbia,1995,64.03777872,1
531,District of Columbia,1996,60.20195548,1
531,District of Columbia,1997,58.11811517,1
531,District of Columbia,1998,55.01816441,1
531,District of Columbia,2001,54.14302266,1
531,District of Columbia,2018,53.88381136,1
531,District of Columbia,2003,53.30152721,1
531,District of Columbia,2002,53.18039634,1
531,District of Columbia,2008,52.12547188,1
531,District of Columbia,2000,51.04212882,1
531,District of Columbia,2005,50.43844007,1
531,District of Columbia,2009,50.28419755,1
531,District of Columbia,2004,49.66734495,1
531,District of Columbia,2006,49.51366426,1
531,District of Columbia,2010,48.8760061,1
531,District of Columbia,2014,47.90942227,1
531,District of Columbia,2011,46.64389429,1
531,District of Columbia,2013,44.97473154,1
531,District of Columbia,2012,44.70102463,1
570,Washington,1990,0.021694698,2
523,Alabama,1990,0.014718304,2
539,Kansas,1990,0.015225123,2
554,New Mexico,1990,0.028374611,2
536,Illinois,1991,0.012809564,2
524,Alaska,1990,0.045038789,2
555,New York,1990,0.010415467,2
571,West Virginia,1990,0.013753792,2
540,Kentucky,1990,0.01564624,2
552,New Hampshire,1991,0.017988297,2
538,Iowa,1991,0.012981904,2
541,Louisiana,1990,0.015862896,2
556,North Carolina,1990,0.015908914,2
554,New Mexico,1991,0.027761048,2
539,Kansas,1991,0.015266589,2
525,Arizona,1990,0.02399414,2
573,Wyoming,1990,0.025980749,2
542,Maine,1990,0.015719217,2
572,Wisconsin,1990,0.015695299,2
523,Alabama,1991,0.014906653,2
524,Alaska,1991,0.045132574,2
527,California,1990,0.018665041,2
557,North Dakota,1990,0.01472095,2
525,Arizona,1991,0.023596937,2
558,Ohio,1990,0.013910623,2
555,New York,1991,0.010341386,2
542,Maine,1991,0.016054282,2
526,Arkansas,1990,0.014265641,2
544,Massachusetts,1990,0.014362896,2
543,Maryland,1990,0.019207919,2
572,Wisconsin,1991,0.015357667,2
559,Oklahoma,1990,0.015313363,2
528,Colorado,1990,0.028254133,2
545,Michigan,1990,0.01549795,2
541,Louisiana,1991,0.015704248,2
557,North Dakota,1991,0.014680701,2
560,Oregon,1990,0.020042438,2
530,Delaware,1990,0.015179907,2
527,California,1991,0.018330447,2
559,Oklahoma,1991,0.015610494,2
529,Connecticut,1990,0.01313546,2
526,Arkansas,1991,0.014481125,2
561,Pennsylvania,1990,0.013377962,2
547,Mississippi,1990,0.012699785,2
545,Michigan,1991,0.015314602,2
528,Colorado,1991,0.028760921,2
562,Rhode Island,1990,0.013965572,2
543,Maryland,1991,0.019170523,2
548,Missouri,1990,0.014998976,2
531,District of Columbia,1990,0.010120712,2
563,South Carolina,1990,0.01566519,2
546,Minnesota,1990,0.01601707,2
530,Delaware,1991,0.014945388,2
558,Ohio,1991,0.013859086,2
562,Rhode Island,1991,0.013530125,2
533,Georgia,1990,0.0180084,2
560,Oregon,1991,0.019824426,2
565,Tennessee,1990,0.015630778,2
546,Minnesota,1991,0.016016317,2
564,South Dakota,1990,0.015731062,2
534,Hawaii,1990,0.022202246,2
550,Nebraska,1990,0.01431269,2
544,Massachusetts,1991,0.014288725,2
532,Florida,1990,0.016108527,2
551,Nevada,1990,0.035267628,2
566,Texas,1990,0.019051736,2
549,Montana,1990,0.023367602,2
529,Connecticut,1991,0.013029876,2
533,Georgia,1991,0.017783526,2
567,Utah,1990,0.032075413,2
531,District of Columbia,1991,0.009647748,2
561,Pennsylvania,1991,0.013358947,2
534,Hawaii,1991,0.021791344,2
548,Missouri,1991,0.015137794,2
565,Tennessee,1991,0.015569677,2
569,Virginia,1990,0.018356722,2
532,Florida,1991,0.015592819,2
553,New Jersey,1990,0.00948247,2
564,South Dakota,1991,0.015756931,2
568,Vermont,1990,0.019580328,2
568,Vermont,1991,0.019536251,2
550,Nebraska,1992,0.014052233,2
571,West Virginia,1991,0.014069937,2
535,Idaho,1990,0.023294673,2
558,Ohio,1992,0.013535547,2
536,Illinois,1990,0.013015467,2
538,Iowa,1990,0.013116809,2
548,Missouri,1993,0.014609209,2
549,Montana,1991,0.023929607,2
553,New Jersey,1992,0.009474787,2
551,Nevada,1993,0.033984282,2
537,Indiana,1990,0.015991536,2
551,Nevada,1992,0.034450145,2
567,Utah,1991,0.032714587,2
552,New Hampshire,1990,0.018627614,2
552,New Hampshire,1992,0.017709711,2
551,Nevada,1991,0.034491817,2
554,New Mexico,1992,0.027212022,2
555,New York,1992,0.010129059,2
553,New Jersey,1991,0.009393895,2
561,Pennsylvania,1992,0.013361405,2
535,Idaho,1991,0.022724918,2
549,Montana,1993,0.023746889,2
556,North Carolina,1992,0.01507799,2
554,New Mexico,1993,0.026564494,2
547,Mississippi,1993,0.013296197,2
569,Virginia,1991,0.018081819,2
572,Wisconsin,1992,0.015154749,2
557,North Dakota,1992,0.014277055,2
570,Washington,1991,0.021087049,2
564,South Dakota,1993,0.016075891,2
557,North Dakota,1993,0.014047996,2
552,New Hampshire,1993,0.017699025,2
550,Nebraska,1993,0.014239438,2
573,Wyoming,1991,0.026126162,2
537,Indiana,1991,0.016031347,2
556,North Carolina,1991,0.015399953,2
567,Utah,1993,0.033870579,2
560,Oregon,1993,0.020101309,2
570,Washington,1993,0.021030978,2
559,Oklahoma,1992,0.015992618,2
563,South Carolina,1993,0.015629058,2
563,South Carolina,1992,0.0157928,2
540,Kentucky,1991,0.01547844,2
560,Oregon,1992,0.019730787,2
555,New York,1993,0.009909014,2
573,Wyoming,1993,0.026662379,2
553,New Jersey,1993,0.009505079,2
568,Vermont,1992,0.019475223,2
559,Oklahoma,1993,0.016197905,2
568,Vermont,1993,0.018827066,2
526,Arkansas,1993,0.014497723,2
558,Ohio,1993,0.013063939,2
566,Texas,1993,0.018337888,2
562,Rhode Island,1993,0.014159603,2
526,Arkansas,1994,0.014833825,2
562,Rhode Island,1992,0.013688834,2
564,South Dakota,1992,0.015589173,2
556,North Carolina,1993,0.014964724,2
571,West Virginia,1993,0.014070157,2
563,South Carolina,1991,0.01589614,2
529,Connecticut,1993,0.012797623,2
563,South Carolina,1994,0.015080597,2
524,Alaska,1993,0.046241733,2
569,Virginia,1993,0.017487751,2
561,Pennsylvania,1993,0.013233463,2
566,Texas,1994,0.017994058,2
565,Tennessee,1993,0.015342937,2
565,Tennessee,1992,0.015530645,2
566,Texas,1991,0.018852798,2
547,Mississippi,1991,0.013054918,2
569,Virginia,1994,0.017320505,2
567,Utah,1992,0.032789382,2
572,Wisconsin,1993,0.015138003,2
550,Nebraska,1991,0.014266626,2
531,District of Columbia,1994,0.008511068,2
523,Alabama,1992,0.014930529,2
538,Iowa,1994,0.013004595,2
525,Arizona,1992,0.023438646,2
541,Louisiana,1994,0.015352876,2
532,Florida,1993,0.015061263,2
535,Idaho,1992,0.023440188,2
544,Massachusetts,1994,0.014955769,2
559,Oklahoma,1995,0.0159001,2
560,Oregon,1995,0.020577677,2
561,Pennsylvania,1995,0.0129799,2
556,North Carolina,1996,0.014396343,2
546,Minnesota,1994,0.015461432,2
562,Rhode Island,1995,0.012998178,2
566,Texas,1995,0.017402183,2
565,Tennessee,1995,0.015288879,2
564,South Dakota,1995,0.01631314,2
523,Alabama,1994,0.014913346,2
558,Ohio,1996,0.012382131,2
563,South Carolina,1995,0.014654748,2
567,Utah,1995,0.035476817,2
536,Illinois,1992,0.012599974,2
534,Hawaii,1993,0.021762316,2
559,Oklahoma,1996,0.015781599,2
570,Washington,1995,0.021230775,2
563,South Carolina,1996,0.014525156,2
547,Mississippi,1994,0.013049995,2
561,Pennsylvania,1996,0.012881151,2
572,Wisconsin,1995,0.014790749,2
569,Virginia,1995,0.016985584,2
566,Texas,1996,0.017190091,2
537,Indiana,1993,0.015515846,2
573,Wyoming,1995,0.025907608,2
562,Rhode Island,1996,0.012830331,2
569,Virginia,1996,0.016782245,2
565,Tennessee,1996,0.01514765,2
557,North Dakota,1996,0.01402063,2
526,Arkansas,1995,0.014889382,2
568,Vermont,1996,0.017716698,2
571,West Virginia,1996,0.013718251,2
540,Kentucky,1993,0.015289864,2
568,Vermont,1995,0.017707673,2
545,Michigan,1994,0.014846186,2
571,West Virginia,1995,0.013948531,2
560,Oregon,1996,0.020730204,2
526,Arkansas,1996,0.014815336,2
564,South Dakota,1996,0.016833098,2
567,Utah,1996,0.035404733,2
529,Connecticut,1996,0.011680567,2
538,Iowa,1992,0.012787204,2
562,Rhode Island,1994,0.013884248,2
524,Alaska,1995,0.045582508,2
532,Florida,1996,0.014655072,2
545,Michigan,1995,0.014442882,2
570,Washington,1996,0.021204973,2
527,California,1995,0.017168847,2
555,New York,1997,0.00955899,2
554,New Mexico,1997,0.025007665,2
530,Delaware,1996,0.015182448,2
525,Arizona,1993,0.023507859,2
525,Arizona,1995,0.023390933,2
558,Ohio,1997,0.012422318,2
553,New Jersey,1998,0.009403876,2
561,Pennsylvania,1997,0.012954351,2
556,North Carolina,1997,0.014511497,2
570,Washington,1992,0.021053652,2
557,North Dakota,1997,0.014102624,2
539,Kansas,1996,0.014815192,2
556,North Carolina,1998,0.014273007,2
562,Rhode Island,1997,0.013203367,2
558,Ohio,1998,0.01225419,2
560,Oregon,1997,0.020296783,2
561,Pennsylvania,1998,0.012397773,2
526,Arkansas,1998,0.014918612,2
533,Georgia,1996,0.016605566,2
554,New Mexico,1998,0.024270554,2
555,New York,1998,0.009540866,2
565,Tennessee,1997,0.015325633,2
532,Florida,1998,0.014275909,2
548,Missouri,1995,0.014879265,2
535,Idaho,1996,0.023057215,2
559,Oklahoma,1997,0.015915596,2
555,New York,1995,0.009196842,2
536,Illinois,1996,0.011448091,2
529,Connecticut,1998,0.011031804,2
552,New Hampshire,1998,0.01698892,2
524,Alaska,1994,0.046322398,2
535,Idaho,1998,0.022750504,2
534,Hawaii,1995,0.021697859,2
564,South Dakota,1997,0.016861477,2
557,North Dakota,1998,0.014046916,2
568,Vermont,1997,0.017345273,2
567,Utah,1997,0.03580971,2
537,Indiana,1995,0.015251631,2
563,South Carolina,1998,0.014125733,2
560,Oregon,1998,0.020472683,2
566,Texas,1998,0.016364918,2
525,Arizona,1994,0.023804883,2
540,Kentucky,1995,0.014845781,2
558,Ohio,1995,0.012586266,2
524,Alaska,1997,0.044699931,2
563,South Carolina,1997,0.014419458,2
564,South Dakota,1998,0.016878993,2
566,Texas,1997,0.016802697,2
567,Utah,1998,0.036211399,2
527,California,1997,0.016241834,2
526,Arkansas,1999,0.014868843,2
559,Oklahoma,1998,0.015702707,2
569,Virginia,1997,0.016613232,2
529,Connecticut,1999,0.010881203,2
562,Rhode Island,1998,0.01285397,2
532,Florida,1999,0.013912877,2
565,Tennessee,1998,0.01529685,2
534,Hawaii,1997,0.02060832,2
537,Indiana,1997,0.015238902,2
525,Arizona,1997,0.022510928,2
543,Maryland,1995,0.021630796,2
528,Colorado,1997,0.027618659,2
531,District of Columbia,1997,0.008686937,2
531,District of Columbia,2000,0.007735321,2
547,Mississippi,2000,0.012607816,2
563,South Carolina,2000,0.013890574,2
549,Montana,2000,0.022248241,2
550,Nebraska,2000,0.014170362,2
556,North Carolina,2000,0.014400577,2
553,New Jersey,2000,0.009197392,2
534,Hawaii,2000,0.018350092,2
566,Texas,2000,0.015752102,2
570,Washington,2000,0.019282056,2
538,Iowa,2000,0.012174834,2
569,Virginia,2000,0.01575817,2
551,Nevada,2000,0.029853667,2
537,Indiana,2000,0.014901897,2
540,Kentucky,2000,0.014517965,2
535,Idaho,2000,0.021147946,2
549,Montana,1999,0.022218222,2
564,South Dakota,2000,0.016137126,2
565,Tennessee,1999,0.015340863,2
567,Utah,2000,0.03311845,2
564,South Dakota,1994,0.016354784,2
552,New Hampshire,2000,0.015955922,2
552,New Hampshire,1999,0.016174224,2
532,Florida,2000,0.014084045,2
565,Tennessee,2000,0.015504861,2
525,Arizona,2000,0.021230383,2
548,Missouri,2000,0.014080182,2
541,Louisiana,2000,0.013854141,2
573,Wyoming,2000,0.023913935,2
568,Vermont,2000,0.017463385,2
554,New Mexico,2000,0.023716897,2
572,Wisconsin,2000,0.014516179,2
526,Arkansas,2000,0.015163894,2
572,Wisconsin,1999,0.014413884,2
530,Delaware,1994,0.015654582,2
528,Colorado,2000,0.0266045,2
544,Massachusetts,2000,0.012575903,2
559,Oklahoma,2000,0.015614655,2
571,West Virginia,2000,0.013861712,2
555,New York,2000,0.009288495,2
557,North Dakota,2000,0.01351074,2
539,Kansas,2000,0.014535714,2
529,Connecticut,2000,0.011078939,2
559,Oklahoma,1999,0.01554753,2
562,Rhode Island,2000,0.012462323,2
558,Ohio,2000,0.012252929,2
543,Maryland,1992,0.020112181,2
560,Oregon,2000,0.01900947,2
542,Maine,2000,0.014022745,2
562,Rhode Island,1999,0.012532439,2
541,Louisiana,1992,0.015646337,2
561,Pennsylvania,2000,0.012001549,2
524,Alaska,1999,0.041961184,2
544,Massachusetts,1992,0.014835934,2
545,Michigan,2000,0.013938321,2
546,Minnesota,1992,0.015863545,2
527,California,1999,0.01508836,2
549,Montana,1992,0.023899772,2
544,Massachusetts,1995,0.014868007,2
528,Colorado,1995,0.029157671,2
568,Vermont,1998,0.01788799,2
562,Rhode Island,2001,0.012624049,2
531,District of Columbia,2001,0.008262231,2
550,Nebraska,1994,0.014295237,2
547,Mississippi,2001,0.012857932,2
564,South Dakota,2001,0.016085121,2
530,Delaware,2001,0.014545299,2
528,Colorado,1992,0.028542508,2
571,West Virginia,1998,0.013803964,2
565,Tennessee,2001,0.015472536,2
531,District of Columbia,1995,0.00825462,2
526,Arkansas,1992,0.014486504,2
551,Nevada,2001,0.028936622,2
525,Arizona,2001,0.021395812,2
533,Georgia,2001,0.015841781,2
567,Utah,2001,0.033323671,2
563,South Carolina,2001,0.01402159,2
554,New Mexico,2001,0.024030041,2
570,Washington,2001,0.018973392,2
551,Nevada,1995,0.034079615,2
528,Colorado,2001,0.027611532,2
538,Iowa,2001,0.012218463,2
536,Illinois,2001,0.011437651,2
535,Idaho,1993,0.023979709,2
566,Texas,2001,0.016037604,2
557,North Dakota,2001,0.013655684,2
534,Hawaii,2001,0.018329306,2
541,Louisiana,2001,0.013843115,2
554,New Mexico,1995,0.025644159,2
573,Wyoming,2001,0.024453962,2
550,Nebraska,2001,0.014267156,2
538,Iowa,1995,0.012893121,2
572,Wisconsin,2001,0.014923111,2
537,Indiana,2001,0.015182824,2
569,Virginia,2001,0.015646204,2
544,Massachusetts,2001,0.012676524,2
560,Oregon,2001,0.019247301,2
540,Kentucky,2001,0.014687407,2
557,North Dakota,1995,0.014346532,2
553,New Jersey,2001,0.009198165,2
541,Louisiana,1995,0.014942597,2
556,North Carolina,2001,0.014631277,2
543,Maryland,2001,0.017697904,2
529,Connecticut,1995,0.012145238,2
558,Ohio,2002,0.012695849,2
559,Oklahoma,2002,0.01579173,2
558,Ohio,2003,0.012684668,2
561,Pennsylvania,2002,0.012131478,2
524,Alaska,2003,0.041201434,2
525,Arizona,2002,0.021725702,2
544,Massachusetts,2003,0.012608995,2
543,Maryland,2003,0.017756067,2
526,Arkansas,2003,0.016266338,2
551,Nevada,1994,0.03404999,2
562,Rhode Island,2003,0.01267952,2
533,Georgia,2002,0.015727475,2
546,Minnesota,2002,0.015155196,2
567,Utah,2002,0.033886054,2
545,Michigan,2003,0.014442345,2
543,Maryland,2002,0.017683174,2
566,Texas,2002,0.016301394,2
568,Vermont,2002,0.017299469,2
551,Nevada,2002,0.029007667,2
530,Delaware,2002,0.014565976,2
527,California,2003,0.015257893,2
529,Connecticut,2003,0.010806018,2
528,Colorado,2002,0.027860067,2
560,Oregon,2002,0.019587361,2
544,Massachusetts,2002,0.012772561,2
559,Oklahoma,2003,0.01585184,2
540,Kentucky,2003,0.01574557,2
541,Louisiana,2003,0.01419907,2
563,South Carolina,2003,0.013976289,2
573,Wyoming,2003,0.024350908,2
547,Mississippi,2003,0.013212103,2
562,Rhode Island,2002,0.012889536,2
565,Tennessee,2002,0.015748375,2
548,Missouri,2003,0.014450281,2
546,Minnesota,2003,0.015514408,2
571,West Virginia,2002,0.014882216,2
531,District of Columbia,2002,0.008222216,2
570,Washington,2002,0.01937386,2
569,Virginia,2002,0.015994901,2
561,Pennsylvania,2003,0.012188151,2
556,North Carolina,2003,0.014715314,2
564,South Dakota,2002,0.016127138,2
563,South Carolina,2002,0.013921868,2
552,New Hampshire,2003,0.01683288,2
526,Arkansas,2002,0.015850413,2
566,Texas,2003,0.016483043,2
560,Oregon,2003,0.020100206,2
565,Tennessee,2003,0.016098179,2
549,Montana,2003,0.023763539,2
554,New Mexico,2002,0.024346355,2
551,Nevada,2003,0.028947661,2
534,Hawaii,2003,0.017206671,2
538,Iowa,2002,0.012558542,2
539,Kansas,1992,0.015065329,2
557,North Dakota,2003,0.014389759,2
554,New Mexico,2003,0.024353895,2
536,Illinois,2002,0.011572861,2
542,Maine,2003,0.014186371,2
569,Virginia,2003,0.016245186,2
550,Nebraska,2003,0.013970474,2
564,South Dakota,2003,0.016766414,2
573,Wyoming,2002,0.024570685,2
553,New Jersey,2003,0.009384586,2
525,Arizona,1996,0.022896333,2
532,Florida,2003,0.014679614,2
541,Louisiana,2002,0.014121892,2
548,Missouri,1992,0.014868358,2
571,West Virginia,2003,0.014642998,2
545,Michigan,1992,0.015131137,2
539,Kansas,2003,0.015205369,2
567,Utah,2003,0.035111036,2
557,North Dakota,2002,0.014056869,2
570,Washington,2003,0.019478009,2
568,Vermont,2003,0.01725212,2
555,New York,2004,0.009493938,2
542,Maine,1992,0.015928955,2
537,Indiana,2003,0.015741901,2
552,New Hampshire,2002,0.01677529,2
541,Louisiana,1996,0.014910148,2
535,Idaho,2003,0.023184465,2
549,Montana,2002,0.023077089,2
555,New York,2003,0.009342395,2
572,Wisconsin,2002,0.015215931,2
572,Wisconsin,1996,0.014784755,2
540,Kentucky,2004,0.015957857,2
572,Wisconsin,2004,0.015418571,2
526,Arkansas,2004,0.016454937,2
558,Ohio,2004,0.013140914,2
525,Arizona,2004,0.021980407,2
543,Maryland,2004,0.017695305,2
547,Mississippi,2004,0.013807934,2
561,Pennsylvania,2004,0.012295579,2
529,Connecticut,2004,0.010885601,2
550,Nebraska,2004,0.013925537,2
546,Minnesota,2004,0.015666653,2
573,Wyoming,1996,0.025220165,2
528,Colorado,2004,0.028543557,2
553,New Jersey,2004,0.00941325,2
532,Florida,2004,0.014939969,2
535,Idaho,2004,0.023583455,2
549,Montana,2004,0.023536469,2
531,District of Columbia,2004,0.008124313,2
552,New Hampshire,2004,0.016351531,2
568,Vermont,2004,0.017695044,2
530,Delaware,1992,0.015273725,2
572,Wisconsin,2003,0.01545765,2
542,Maine,1996,0.014535202,2
573,Wyoming,1992,0.026501943,2
524,Alaska,2001,0.041528049,2
529,Connecticut,1992,0.012992674,2
538,Iowa,1993,0.012905009,2
551,Nevada,2005,0.029602021,2
523,Alabama,1996,0.014624094,2
568,Vermont,2005,0.017867118,2
552,New Hampshire,2005,0.017099872,2
571,West Virginia,2005,0.014700224,2
539,Kansas,2005,0.016136442,2
565,Tennessee,2005,0.017043061,2
556,North Carolina,2005,0.015051684,2
525,Arizona,2005,0.022547736,2
566,Texas,2006,0.017168294,2
528,Colorado,2005,0.028839813,2
534,Hawaii,2006,0.018035422,2
550,Nebraska,2006,0.014796013,2
553,New Jersey,2005,0.009607641,2
547,Mississippi,1995,0.013039903,2
527,California,2005,0.015576445,2
569,Virginia,2006,0.017097075,2
571,West Virginia,1992,0.014126425,2
559,Oklahoma,2005,0.01638959,2
531,District of Columbia,2005,0.007949947,2
524,Alaska,2005,0.041799672,2
561,Pennsylvania,2005,0.012755722,2
553,New Jersey,2006,0.009993566,2
537,Indiana,2006,0.016997079,2
560,Oregon,2005,0.020854634,2
532,Florida,2005,0.015303378,2
549,Montana,2006,0.024503745,2
529,Connecticut,2005,0.011099479,2
542,Maine,2005,0.015187575,2
554,New Mexico,2005,0.023830069,2
557,North Dakota,2005,0.01515535,2
545,Michigan,2005,0.014815479,2
555,New York,2005,0.009728733,2
540,Kentucky,2006,0.016611003,2
564,South Dakota,2005,0.017396628,2
568,Vermont,2006,0.018263843,2
558,Ohio,2005,0.013385578,2
551,Nevada,2006,0.030261273,2
569,Virginia,2005,0.016609116,2
535,Idaho,2005,0.023327074,2
523,Alabama,1995,0.015096493,2
562,Rhode Island,2005,0.011930933,2
565,Tennessee,2006,0.017479358,2
571,West Virginia,2006,0.01536616,2
525,Arizona,2006,0.023368318,2
563,South Carolina,2005,0.014777761,2
526,Arkansas,2005,0.016925682,2
567,Utah,2006,0.037179385,2
556,North Carolina,2006,0.015668059,2
554,New Mexico,2006,0.024502744,2
557,North Dakota,2006,0.015807991,2
555,New York,2006,0.010199388,2
528,Colorado,2006,0.028843446,2
552,New Hampshire,2006,0.017126488,2
566,Texas,2005,0.016913135,2
526,Arkansas,2006,0.017483363,2
570,Washington,2006,0.019975781,2
563,South Carolina,2006,0.015110254,2
548,Missouri,2005,0.015351596,2
534,Hawaii,2005,0.017646959,2
572,Wisconsin,2006,0.016117226,2
560,Oregon,2006,0.020913222,2
531,District of Columbia,2006,0.007892393,2
529,Connecticut,2006,0.011194519,2
547,Mississippi,2006,0.014463306,2
558,Ohio,2006,0.013515088,2
573,Wyoming,2006,0.026087252,2
549,Montana,1994,0.023771825,2
532,Florida,2006,0.015796656,2
561,Pennsylvania,2006,0.013190011,2
564,South Dakota,2006,0.017236175,2
559,Oklahoma,2006,0.016814293,2
562,Rhode Island,2006,0.012312714,2
534,Hawaii,1992,0.022087702,2
523,Alabama,2007,0.015639964,2
560,Oregon,2008,0.021485385,2
529,Connecticut,2008,0.011671042,2
545,Michigan,2008,0.015518736,2
561,Pennsylvania,2008,0.01358136,2
534,Hawaii,2007,0.018496534,2
530,Delaware,2007,0.015559288,2
531,District of Columbia,2008,0.008118354,2
526,Arkansas,2007,0.017736175,2
532,Florida,2008,0.016669399,2
548,Missouri,2008,0.016401576,2
564,South Dakota,2008,0.017756084,2
537,Indiana,2007,0.017186452,2
566,Texas,1992,0.018622374,2
539,Kansas,1993,0.014973815,2
535,Idaho,2008,0.025024533,2
567,Utah,2008,0.038258082,2
540,Kentucky,2007,0.016719998,2
529,Connecticut,2007,0.011313356,2
551,Nevada,2007,0.030733769,2
526,Arkansas,2008,0.01824353,2
570,Washington,2008,0.020509348,2
539,Kansas,2008,0.017095664,2
555,New York,2008,0.010854842,2
538,Iowa,2008,0.014169387,2
542,Maine,1993,0.015731743,2
568,Vermont,2008,0.019383028,2
554,New Mexico,2007,0.02541588,2
562,Rhode Island,2008,0.012695967,2
573,Wyoming,2008,0.027801328,2
542,Maine,2008,0.016054483,2
558,Ohio,2008,0.014100853,2
525,Arizona,2007,0.023898954,2
557,North Dakota,2007,0.016401294,2
565,Tennessee,2008,0.017643174,2
571,West Virginia,2008,0.015543855,2
541,Louisiana,2008,0.015234274,2
545,Michigan,1993,0.01503249,2
528,Colorado,2007,0.029462956,2
523,Alabama,2008,0.01587319,2
560,Oregon,2007,0.021406679,2
544,Massachusetts,2008,0.011807402,2
572,Wisconsin,2008,0.016827848,2
563,South Carolina,2008,0.015558732,2
566,Texas,2008,0.018065868,2
569,Virginia,2008,0.017863687,2
526,Arkansas,1997,0.014953974,2
525,Arizona,2003,0.021731209,2
539,Kansas,2004,0.015863199,2
528,Colorado,2003,0.028056139,2
531,District of Columbia,2003,0.008387321,2
538,Iowa,2003,0.012790902,2
543,Maryland,1996,0.02109168,2
548,Missouri,2007,0.015894304,2
536,Illinois,1998,0.011370423,2
539,Kansas,1997,0.014893408,2
558,Ohio,2007,0.013808859,2
557,North Dakota,1994,0.014444767,2
569,Virginia,2007,0.017451779,2
566,Texas,2009,0.018553885,2
555,New York,2007,0.010536153,2
566,Texas,2007,0.017664844,2
570,Washington,1997,0.020423162,2
523,Alabama,1998,0.014394543,2
561,Pennsylvania,2007,0.013234619,2
560,Oregon,1994,0.020545792,2
558,Ohio,2009,0.01427769,2
560,Oregon,2009,0.022272294,2
554,New Mexico,1994,0.025969321,2
563,South Carolina,2009,0.015930034,2
563,South Carolina,2007,0.015259596,2
545,Michigan,1996,0.014374479,2
538,Iowa,1997,0.012531436,2
569,Virginia,2009,0.017977726,2
564,South Dakota,2009,0.018717485,2
561,Pennsylvania,2009,0.013974986,2
525,Arizona,2009,0.024259649,2
567,Utah,2009,0.038856681,2
570,Washington,2009,0.020982434,2
538,Iowa,1998,0.01234161,2
573,Wyoming,2009,0.027931664,2
568,Vermont,2009,0.019744695,2
571,West Virginia,2009,0.015936579,2
531,District of Columbia,1992,0.009451326,2
537,Indiana,1998,0.015018301,2
534,Hawaii,1994,0.022325464,2
568,Vermont,1999,0.017402435,2
525,Arizona,1998,0.021978537,2
566,Texas,1999,0.015776198,2
559,Oklahoma,2009,0.018757764,2
562,Rhode Island,2009,0.013116844,2
565,Tennessee,2009,0.017961704,2
524,Alaska,1998,0.043320037,2
572,Wisconsin,2009,0.01690527,2
523,Alabama,1999,0.01413486,2
532,Florida,1992,0.015169002,2
526,Arkansas,2001,0.015632324,2
535,Idaho,1999,0.021639148,2
533,Georgia,1992,0.017202743,2
524,Alaska,2011,0.04243659,2
553,New Jersey,2011,0.010587935,2
526,Arkansas,2011,0.018490373,2
558,Ohio,2011,0.014467262,2
555,New York,2011,0.012122918,2
527,California,2011,0.016988072,2
556,North Carolina,2011,0.01637567,2
561,Pennsylvania,2011,0.014646722,2
529,Connecticut,2011,0.012101907,2
534,Hawaii,2011,0.019633308,2
559,Oklahoma,2011,0.019400003,2
532,Florida,2011,0.016587862,2
562,Rhode Island,2011,0.012818758,2
535,Idaho,2011,0.025967789,2
528,Colorado,1994,0.02942822,2
565,Tennessee,2011,0.017957056,2
568,Vermont,2011,0.020119158,2
563,South Carolina,2011,0.016240375,2
524,Alaska,1992,0.045670819,2
565,Tennessee,1994,0.015105296,2
566,Texas,2011,0.018779443,2
540,Kentucky,1997,0.014805975,2
547,Mississippi,2002,0.013055288,2
547,Mississippi,2007,0.014910439,2
528,Colorado,1993,0.028593636,2
534,Hawaii,1999,0.018823292,2
552,New Hampshire,2012,0.018733627,2
559,Oklahoma,2012,0.019554852,2
551,Nevada,2012,0.029131308,2
562,Rhode Island,2012,0.012966811,2
525,Arizona,2012,0.024520426,2
533,Georgia,1994,0.016624939,2
554,New Mexico,2012,0.02526191,2
528,Colorado,2012,0.031327465,2
560,Oregon,2012,0.022425164,2
531,District of Columbia,2012,0.007960951,2
526,Arkansas,2012,0.018382716,2
528,Colorado,2008,0.030056754,2
558,Ohio,2012,0.014383642,2
555,New York,2012,0.011984103,2
561,Pennsylvania,2012,0.014526247,2
557,North Dakota,2012,0.019545416,2
564,South Dakota,2012,0.019204054,2
533,Georgia,2000,0.015694711,2
532,Florida,2012,0.016439718,2
525,Arizona,2008,0.023749238,2
565,Tennessee,2012,0.01770354,2
571,West Virginia,1997,0.013584693,2
529,Connecticut,2012,0.012308549,2
525,Arizona,2010,0.024447266,2
533,Georgia,1993,0.017075776,2
527,California,1993,0.01806339,2
530,Delaware,1995,0.014987655,2
567,Utah,1994,0.035195946,2
523,Alabama,2000,0.014071563,2
542,Maine,2002,0.014419231,2
545,Michigan,2002,0.014483997,2
548,Missouri,2002,0.014427202,2
555,New York,2002,0.009373423,2
524,Alaska,2009,0.042253049,2
526,Arkansas,2013,0.018504631,2
529,Connecticut,2013,0.012239083,2
532,Florida,2013,0.016133004,2
570,Washington,1998,0.019923467,2
555,New York,2013,0.011720406,2
558,Ohio,2013,0.014373441,2
529,Connecticut,2001,0.010780999,2
545,Michigan,2001,0.014253446,2
561,Pennsylvania,2013,0.014564526,2
550,Nebraska,2013,0.015817267,2
553,New Jersey,2013,0.01086698,2
556,North Carolina,2013,0.016370904,2
563,South Carolina,2013,0.01616659,2
541,Louisiana,1993,0.015445544,2
528,Colorado,2010,0.030452557,2
539,Kansas,2011,0.018311338,2
536,Illinois,1999,0.011123789,2
532,Florida,1995,0.014774734,2
528,Colorado,1996,0.028365661,2
550,Nebraska,1999,0.014379348,2
538,Iowa,2004,0.012960966,2
530,Delaware,2008,0.015845051,2
568,Vermont,2007,0.018908843,2
570,Washington,2004,0.019562215,2
523,Alabama,2003,0.014060833,2
554,New Mexico,2004,0.024348316,2
546,Minnesota,1995,0.015391251,2
568,Vermont,2012,0.019711058,2
524,Alaska,2002,0.041633749,2
523,Alabama,2004,0.01427025,2
523,Alabama,1993,0.014743433,2
559,Oklahoma,2004,0.016077516,2
529,Connecticut,1994,0.012651942,2
551,Nevada,2013,0.028816881,2
525,Arizona,2013,0.024450328,2
528,Colorado,2013,0.03089961,2
554,New Mexico,2013,0.0248331,2
531,District of Columbia,2013,0.00813971,2
557,North Dakota,2013,0.020454067,2
560,Oregon,2013,0.022313989,2
547,Mississippi,2009,0.014776025,2
531,District of Columbia,2010,0.008160896,2
572,Wisconsin,1998,0.014594975,2
523,Alabama,2002,0.013785109,2
546,Minnesota,1996,0.014933618,2
568,Vermont,2013,0.019530693,2
561,Pennsylvania,2001,0.011907227,2
523,Alabama,2006,0.015430786,2
571,West Virginia,1999,0.013737107,2
533,Georgia,2006,0.016242739,2
525,Arizona,2014,0.024231611,2
551,Nevada,2014,0.028431147,2
528,Colorado,2014,0.031053281,2
554,New Mexico,2014,0.025353529,2
557,North Dakota,2014,0.02084122,2
560,Oregon,2014,0.022568758,2
569,Virginia,1998,0.016340755,2
542,Maine,2009,0.016216088,2
567,Utah,2005,0.035827889,2
526,Arkansas,2009,0.018266359,2
544,Massachusetts,1993,0.014693013,2
524,Alaska,2006,0.041951384,2
532,Florida,2007,0.016262972,2
544,Massachusetts,1996,0.014704614,2
523,Alabama,2014,0.016410579,2
546,Minnesota,2014,0.017616621,2
549,Montana,2014,0.025732574,2
524,Alaska,2007,0.042629782,2
572,Wisconsin,2010,0.017083676,2
552,New Hampshire,2014,0.019502607,2
533,Georgia,2007,0.016651353,2
572,Wisconsin,2011,0.017148221,2
546,Minnesota,2008,0.017045613,2
530,Delaware,2014,0.015168256,2
547,Mississippi,2014,0.014356059,2
559,Oklahoma,2014,0.019634926,2
550,Nebraska,2014,0.016398513,2
553,New Jersey,2014,0.010846341,2
547,Mississippi,2008,0.014724517,2
527,California,2002,0.015027127,2
556,North Carolina,2014,0.016375406,2
537,Indiana,1992,0.015695094,2
540,Kentucky,1992,0.015462428,2
550,Nebraska,2002,0.01437041,2
549,Montana,2007,0.024367994,2
565,Tennessee,2007,0.017553174,2
543,Maryland,2010,0.018157223,2
547,Mississippi,1992,0.013320814,2
537,Indiana,1999,0.014603718,2
540,Kentucky,1999,0.014188569,2
547,Mississippi,1999,0.012569011,2
531,District of Columbia,1993,0.008977135,2
527,California,2009,0.016981791,2
530,Delaware,2003,0.014590514,2
542,Maine,1997,0.014349033,2
541,Louisiana,1998,0.014288991,2
538,Iowa,2010,0.014850765,2
571,West Virginia,2004,0.014576719,2
537,Indiana,2005,0.016324274,2
542,Maine,2004,0.014506507,2
524,Alaska,2008,0.043048738,2
527,California,2008,0.016600661,2
528,Colorado,2009,0.030804929,2
529,Connecticut,2015,0.012261928,2
561,Pennsylvania,2015,0.014912871,2
541,Louisiana,1997,0.014721248,2
544,Massachusetts,2009,0.012125049,2
534,Hawaii,2013,0.018823398,2
545,Michigan,2015,0.015999209,2
532,Florida,2015,0.016374352,2
563,South Carolina,2015,0.016559609,2
548,Missouri,2015,0.01799123,2
566,Texas,2015,0.019030098,2
535,Idaho,2015,0.026260115,2
526,Arkansas,2015,0.018639892,2
568,Vermont,2015,0.01964861,2
552,New Hampshire,1994,0.017475749,2
569,Virginia,2015,0.018492118,2
571,West Virginia,2015,0.015828711,2
539,Kansas,2015,0.018262685,2
555,New York,2015,0.011449015,2
542,Maine,2015,0.016447567,2
528,Colorado,1998,0.026958145,2
558,Ohio,2015,0.014710069,2
536,Illinois,2006,0.011945891,2
553,New Jersey,1994,0.009721372,2
550,Nebraska,1995,0.01395913,2
543,Maryland,2006,0.018095205,2
546,Minnesota,2006,0.01678585,2
538,Iowa,2006,0.013285983,2
569,Virginia,2011,0.01837286,2
542,Maine,2010,0.016523942,2
535,Idaho,2007,0.024214465,2
538,Iowa,2005,0.013022154,2
562,Rhode Island,2015,0.012982864,2
565,Tennessee,2015,0.017187158,2
572,Wisconsin,2015,0.01736516,2
529,Connecticut,2009,0.011835952,2
532,Florida,2009,0.016776498,2
523,Alabama,2011,0.016374488,2
571,West Virginia,2007,0.015794797,2
523,Alabama,2012,0.016526262,2
535,Idaho,2009,0.026188831,2
572,Wisconsin,2012,0.017043174,2
539,Kansas,2009,0.01763482,2
541,Louisiana,2010,0.015436496,2
536,Illinois,2012,0.013487487,2
523,Alabama,2010,0.016250019,2
527,California,1994,0.01755592,2
559,Oklahoma,2010,0.019073041,2
536,Illinois,2000,0.011137278,2
557,North Dakota,2010,0.01827627,2
573,Wyoming,2010,0.028140348,2
567,Utah,2012,0.038742384,2
530,Delaware,1998,0.014401623,2
527,California,2001,0.01480137,2
570,Washington,1994,0.021184871,2
535,Idaho,2012,0.025858244,2
564,South Dakota,2013,0.01946946,2
530,Delaware,2000,0.014229479,2
533,Georgia,1995,0.016412202,2
524,Alaska,2010,0.04258492,2
535,Idaho,2013,0.026054402,2
524,Alaska,2013,0.039839351,2
556,North Carolina,2010,0.016313393,2
545,Michigan,2010,0.016045523,2
545,Michigan,2004,0.014664331,2
525,Arizona,2011,0.024415325,2
558,Ohio,2010,0.014350975,2
528,Colorado,2011,0.031019938,2
531,District of Columbia,2014,0.008591112,2
568,Vermont,2001,0.017180443,2
561,Pennsylvania,2010,0.014182004,2
531,District of Columbia,2011,0.008015407,2
547,Mississippi,2015,0.014322077,2
554,New Mexico,2011,0.025218429,2
557,North Dakota,2011,0.018717751,2
573,Wyoming,1997,0.025100217,2
532,Florida,2001,0.014415092,2
560,Oregon,2011,0.02238897,2
564,South Dakota,2011,0.018816957,2
567,Utah,2011,0.038635981,2
542,Maine,2011,0.016826426,2
537,Indiana,1994,0.015536891,2
566,Texas,2013,0.018910077,2
537,Indiana,2011,0.017589777,2
571,West Virginia,2011,0.016636904,2
531,District of Columbia,1996,0.008085673,2
551,Nevada,2008,0.030796032,2
550,Nebraska,2007,0.014724506,2
541,Louisiana,2004,0.01459722,2
562,Rhode Island,2014,0.012888242,2
564,South Dakota,2014,0.019769343,2
567,Utah,2014,0.037847708,2
543,Maryland,2011,0.018425674,2
570,Washington,2014,0.021411497,2
573,Wyoming,2014,0.028161246,2
530,Delaware,2010,0.015804766,2
525,Arizona,2016,0.023651197,2
560,Oregon,2016,0.022320092,2
536,Illinois,1994,0.012043252,2
534,Hawaii,2014,0.019078617,2
557,North Dakota,2004,0.014535177,2
573,Wyoming,2004,0.024453302,2
564,South Dakota,2016,0.020658934,2
538,Iowa,2012,0.015030863,2
567,Utah,2016,0.038045358,2
570,Washington,2016,0.021188423,2
561,Pennsylvania,1994,0.013012821,2
524,Alaska,1996,0.045274713,2
529,Connecticut,1997,0.011333834,2
552,New Hampshire,2007,0.017376813,2
562,Rhode Island,2004,0.012379793,2
549,Montana,1995,0.0240285,2
539,Kansas,2012,0.018784797,2
546,Minnesota,2010,0.017663551,2
540,Kentucky,2010,0.017062829,2
544,Massachusetts,2010,0.012270256,2
540,Kentucky,2005,0.016135669,2
539,Kansas,2013,0.018438905,2
530,Delaware,2006,0.015059914,2
548,Missouri,2001,0.01436592,2
539,Kansas,1999,0.014287089,2
573,Wyoming,1998,0.024538225,2
535,Idaho,2001,0.022283103,2
569,Virginia,1999,0.015997355,2
555,New York,1999,0.009352422,2
570,Washington,2005,0.01984022,2
572,Wisconsin,1997,0.014728519,2
553,New Jersey,1999,0.009144945,2
564,South Dakota,2007,0.016918332,2
533,Georgia,2008,0.016788401,2
549,Montana,2008,0.025470958,2
544,Massachusetts,2016,0.012771425,2
568,Vermont,2010,0.019875755,2
560,Oregon,2004,0.020051046,2
524,Alaska,2014,0.039682635,2
536,Illinois,2007,0.012235802,2
523,Alabama,1997,0.014519873,2
534,Hawaii,2002,0.017657564,2
525,Arizona,1999,0.021167066,2
550,Nebraska,2009,0.015037284,2
545,Michigan,1997,0.014205946,2
524,Alaska,2017,0.037777152,2
530,Delaware,2004,0.014523684,2
527,California,2017,0.016745604,2
572,Wisconsin,2007,0.01683436,2
534,Hawaii,2017,0.01786881,2
533,Georgia,2003,0.015768125,2
571,West Virginia,2012,0.016447587,2
537,Indiana,2017,0.017315147,2
538,Iowa,2013,0.015279496,2
567,Utah,1999,0.034443376,2
549,Montana,1996,0.023877066,2
543,Maryland,2009,0.018466894,2
571,West Virginia,2013,0.016119905,2
571,West Virginia,2001,0.014332592,2
534,Hawaii,2015,0.018742206,2
531,District of Columbia,1998,0.008446743,2
524,Alaska,2015,0.040044836,2
531,District of Columbia,2009,0.00803078,2
548,Missouri,2010,0.017355286,2
551,Nevada,2009,0.030449121,2
559,Oklahoma,1994,0.016107593,2
535,Idaho,1995,0.023532369,2
527,California,1998,0.015854772,2
539,Kansas,2007,0.016594989,2
541,Louisiana,2006,0.01504827,2
545,Michigan,2009,0.015818546,2
572,Wisconsin,1994,0.015024235,2
523,Alabama,2015,0.016399317,2
546,Minnesota,2015,0.017886997,2
533,Georgia,2014,0.017563948,2
541,Louisiana,2005,0.014077675,2
530,Delaware,2015,0.014926149,2
524,Alaska,2000,0.042336714,2
527,California,2007,0.016413976,2
530,Delaware,1999,0.014141446,2
571,West Virginia,2017,0.015152068,2
543,Maryland,1998,0.020527228,2
527,California,2006,0.0159924,2
543,Maryland,1994,0.021248279,2
543,Maryland,2016,0.019814289,2
534,Hawaii,2009,0.019300642,2
563,South Carolina,2014,0.016250011,2
523,Alabama,2001,0.013723309,2
546,Minnesota,2001,0.01477758,2
567,Utah,2013,0.038178231,2
537,Indiana,2013,0.017605554,2
536,Illinois,1995,0.011718133,2
544,Massachusetts,1998,0.0141161,2
545,Michigan,2011,0.016135178,2
562,Rhode Island,2010,0.013116402,2
554,New Mexico,2008,0.025902455,2
569,Virginia,2013,0.018385989,2
547,Mississippi,1997,0.01300896,2
548,Missouri,1996,0.014636325,2
544,Massachusetts,1997,0.014619566,2
539,Kansas,2017,0.018311842,2
553,New Jersey,1995,0.009536531,2
544,Massachusetts,2004,0.012303437,2
528,Colorado,2016,0.031576581,2
573,Wyoming,2016,0.027300521,2
556,North Carolina,1994,0.014861295,2
541,Louisiana,2012,0.01514078,2
540,Kentucky,1994,0.014995372,2
540,Kentucky,1998,0.01445078,2
560,Oregon,2010,0.022172585,2
524,Alaska,2012,0.041763059,2
546,Minnesota,2011,0.017867845,2
527,California,2012,0.016935351,2
534,Hawaii,2012,0.019150331,2
553,New Jersey,2012,0.010829381,2
556,North Carolina,2012,0.016455224,2
523,Alabama,2016,0.016448898,2
563,South Carolina,2012,0.016049455,2
566,Texas,2012,0.018872435,2
530,Delaware,2012,0.015940304,2
530,Delaware,2016,0.014598034,2
553,New Jersey,2002,0.009261686,2
530,Delaware,2011,0.015870625,2
524,Alaska,2004,0.042606128,2
527,California,2013,0.017019904,2
543,Maryland,2012,0.018510806,2
526,Arkansas,2016,0.018328988,2
547,Mississippi,2010,0.014778343,2
532,Florida,1997,0.014530729,2
543,Maryland,2000,0.018081463,2
556,North Carolina,2017,0.01579473,2
565,Tennessee,2004,0.016708503,2
573,Wyoming,1994,0.026649358,2
536,Illinois,2003,0.011460555,2
533,Georgia,2010,0.017253239,2
559,Oklahoma,2016,0.019721934,2
556,North Carolina,2004,0.015049502,2
523,Alabama,2005,0.014649464,2
536,Illinois,2005,0.01174048,2
542,Maine,2012,0.016964297,2
542,Maine,2007,0.015977564,2
526,Arkansas,2017,0.017903408,2
535,Idaho,2006,0.023763507,2
565,Tennessee,2014,0.017464121,2
555,New York,2001,0.009272008,2
542,Maine,2013,0.016733364,2
550,Nebraska,2015,0.015883756,2
555,New York,2017,0.011247695,2
539,Kansas,2001,0.014666954,2
538,Iowa,2018,0.015082675,2
525,Arizona,2018,0.022201319,2
528,Colorado,2018,0.028532884,2
541,Louisiana,2018,0.014633604,2
544,Massachusetts,2018,0.011778213,2
531,District of Columbia,2018,0.009743791,2
