name,value,year,lastValue,rank
California,4457.969122,2017,4457.969122,1
California,4224.86062,2013,4224.86062,1
California,4157.952585,2012,4157.952585,1
California,4111.264308,2011,4111.264308,1
California,4037.822058,2009,4037.822058,1
California,3984.62727,1993,3984.62727,1
California,3973.869677,1990,3973.869677,1
California,3927.92443,1991,3927.92443,1
California,3912.625447,1994,3912.625447,1
California,3904.484234,2008,3904.484234,1
California,3895.701022,2007,3895.701022,1
California,3854.703904,1995,3854.703904,1
California,3824.443458,2006,3824.443458,1
California,3704.650309,2005,3704.650309,1
California,3651.534235,2003,3651.534235,1
California,3611.602814,1997,3611.602814,1
California,3583.699207,1998,3583.699207,1
Texas,3580.827064,2015,3580.827064,1
California,3513.777614,2002,3513.777614,1
California,3469.211426,2001,3469.211426,1
California,3425.026248,1999,3425.026248,1
Texas,3373.891528,2013,3373.891528,21
Texas,3275.044648,2012,3275.044648,21
Florida,3241.931443,2015,3241.931443,7
Texas,3164.486828,2011,3164.486828,22
Texas,3050.971547,2009,3050.971547,22
Florida,3020.458973,2012,3020.458973,25
Florida,3018.8011,2013,3018.8011,27
Florida,3002.012009,2011,3002.012009,26
Florida,2972.047497,2009,2972.047497,26
Texas,2951.960066,2008,2951.960066,22
Florida,2939.048615,2008,2939.048615,23
Texas,2837.530575,2007,2837.530575,23
Florida,2837.341662,2007,2837.341662,24
Florida,2771.412156,2006,2771.412156,23
Texas,2705.114396,2006,2705.114396,24
Florida,2675.678232,2005,2675.678232,24
Texas,2627.534127,2005,2627.534127,25
Florida,2585.595838,2004,2585.595838,1
Texas,2541.495039,2003,2541.495039,26
Florida,2529.942574,2003,2529.942574,27
Texas,2516.271026,2002,2516.271026,24
Texas,2435.823781,1994,2435.823781,35
Texas,2432.170724,2001,2432.170724,25
Florida,2432.162188,2001,2432.162188,26
Texas,2428.489551,1993,2428.489551,41
Texas,2403.914325,1992,2403.914325,1
Texas,2400.985437,1996,2400.985437,1
Texas,2385.081098,1995,2385.081098,38
Texas,2377.037037,1990,2377.037037,44
Texas,2373.332543,1991,2373.332543,44
Texas,2364.575831,1997,2364.575831,37
Florida,2353.379699,2000,2353.379699,1
Texas,2344.991069,2000,2344.991069,2
Texas,2331.031719,1998,2331.031719,39
Florida,2294.089358,1995,2294.089358,45
Texas,2286.585535,1999,2286.585535,37
Florida,2278.984848,1998,2278.984848,42
Florida,2268.971239,1999,2268.971239,39
Florida,2258.725408,1997,2258.725408,45
Florida,2254.671845,1996,2254.671845,14
Florida,2195.216211,1993,2195.216211,57
Florida,2173.64978,1990,2173.64978,57
Florida,2131.030836,1991,2131.030836,57
Florida,2124.408963,1992,2124.408963,19
Pennsylvania,1972.383841,2015,1972.383841,49
Pennsylvania,1884.79531,2011,1884.79531,64
Pennsylvania,1880.7445,2013,1880.7445,67
Pennsylvania,1858.662116,2012,1858.662116,67
New York,1829.357229,2011,1829.357229,67
New York,1811.642072,2012,1811.642072,69
New York,1793.227224,2017,1793.227224,72
New York,1790.027868,2013,1790.027868,72
Pennsylvania,1779.040077,2010,1779.040077,1
New York,1773.297828,2015,1773.297828,58
Pennsylvania,1761.754498,2009,1761.754498,72
New York,1755.28535,1990,1755.28535,71
New York,1737.157454,1991,1737.157454,71
Ohio,1735.179148,2015,1735.179148,62
Pennsylvania,1720.289262,2008,1720.289262,71
New York,1704.470655,1992,1704.470655,35
New York,1682.955072,1993,1682.955072,77
Pennsylvania,1671.990963,2006,1671.990963,71
Pennsylvania,1667.683066,1993,1667.683066,79
Pennsylvania,1662.47685,2007,1662.47685,75
Pennsylvania,1657.522197,1995,1657.522197,75
Pennsylvania,1656.185072,1997,1656.185072,72
Pennsylvania,1655.860884,1996,1655.860884,41
Pennsylvania,1644.827678,2005,1644.827678,76
Pennsylvania,1643.43643,1994,1643.43643,82
Pennsylvania,1639.562078,1992,1639.562078,45
New York,1631.153,2008,1631.153,83
Ohio,1628.073564,2013,1628.073564,92
Pennsylvania,1627.524841,1990,1627.524841,88
Pennsylvania,1624.398515,1991,1624.398515,88
Ohio,1610.974166,2011,1610.974166,93
Ohio,1605.771692,2012,1605.771692,95
New York,1591.190525,2007,1591.190525,88
Pennsylvania,1573.400138,2002,1573.400138,81
Pennsylvania,1568.542484,2004,1568.542484,62
New York,1568.180314,1995,1568.180314,90
Pennsylvania,1565.10014,2003,1565.10014,88
Ohio,1555.635048,2010,1555.635048,30
Pennsylvania,1551.909983,2000,1551.909983,52
Pennsylvania,1546.053354,1998,1546.053354,89
New York,1545.807547,2006,1545.807547,94
Pennsylvania,1544.088417,2001,1544.088417,88
Ohio,1541.748448,2009,1541.748448,104
Ohio,1536.440796,2008,1536.440796,100
New York,1521.377655,1997,1521.377655,95
Michigan,1519.605053,2015,1519.605053,94
New York,1505.819812,2001,1505.819812,93
New York,1504.060439,1999,1504.060439,93
New York,1501.826706,1998,1501.826706,98
New York,1500.758587,2005,1500.758587,102
New York,1495.765214,2002,1495.765214,98
New York,1482.165422,2000,1482.165422,65
Ohio,1478.012109,2007,1478.012109,108
New York,1475.698385,2004,1475.698385,81
New York,1469.273903,2003,1469.273903,106
North Carolina,1459.944112,2017,1459.944112,121
Ohio,1449.301862,2006,1449.301862,110
Ohio,1446.635644,2005,1446.635644,110
Michigan,1444.433972,2011,1444.433972,121
Michigan,1415.782701,2010,1415.782701,52
Ohio,1401.96581,2004,1401.96581,88
Illinois,1398.045409,2012,1398.045409,125
North Carolina,1391.707703,2014,1391.707703,1
Ohio,1378.558574,2002,1378.558574,111
Michigan,1372.364801,2009,1372.364801,126
Ohio,1371.790542,1991,1371.790542,124
Ohio,1370.855968,2003,1370.855968,118
Arizona,1368.48631,2016,1368.48631,1
Ohio,1366.566008,1990,1366.566008,128
Arizona,1359.288394,2018,1359.288394,1
Michigan,1359.02852,2008,1359.02852,127
North Carolina,1345.565149,2013,1345.565149,136
Ohio,1341.887376,1992,1341.887376,92
North Carolina,1330.546433,2012,1330.546433,137
Georgia,1329.526445,2014,1329.526445,13
Illinois,1328.458364,1990,1328.458364,135
Ohio,1324.448071,1995,1324.448071,131
Illinois,1317.797342,1991,1317.797342,136
Ohio,1316.288632,1993,1316.288632,139
Ohio,1309.135378,2000,1309.135378,93
North Carolina,1299.176987,2011,1299.176987,143
Ohio,1295.002853,1996,1295.002853,100
Ohio,1295.001853,1997,1295.001853,133
Illinois,1288.764602,1994,1288.764602,141
Illinois,1286.663823,1992,1286.663823,104
Michigan,1285.530307,2005,1285.530307,138
Ohio,1283.682692,1998,1283.682692,136
Arizona,1273.529668,2014,1273.529668,26
Arizona,1266.986071,2013,1266.986071,153
North Carolina,1265.289451,2010,1265.289451,82
Michigan,1264.352042,2002,1264.352042,138
Illinois,1256.460259,1995,1256.460259,146
Michigan,1248.209495,2004,1248.209495,120
Illinois,1245.337485,2007,1245.337485,149
Michigan,1241.031433,2003,1241.031433,146
Arizona,1233.137967,2012,1233.137967,159
Illinois,1232.061592,2002,1232.061592,144
Michigan,1226.171769,2001,1226.171769,144
Michigan,1223.135076,1993,1223.135076,159
Illinois,1222.801788,2006,1222.801788,153
Michigan,1222.645535,1994,1222.645535,158
Illinois,1215.706265,2005,1215.706265,154
Michigan,1214.989977,1991,1214.989977,161
Illinois,1211.360446,2001,1211.360446,150
Georgia,1210.927291,2010,1210.927291,97
Illinois,1210.082182,1996,1210.082182,124
Michigan,1208.070032,1990,1208.070032,166
Michigan,1202.157933,1995,1202.157933,162
Illinois,1200.719654,2003,1200.719654,160
Michigan,1196.896434,2000,1196.896434,123
Illinois,1191.618528,1998,1191.618528,160
Illinois,1188.881586,1999,1188.881586,157
Michigan,1188.082484,1996,1188.082484,131
Michigan,1186.829576,1992,1186.829576,133
Michigan,1185.16685,1997,1185.16685,165
Virginia,1183.60806,2015,1183.60806,164
Arizona,1182.088175,2011,1182.088175,179
Illinois,1178.956031,2000,1178.956031,131
North Carolina,1172.235776,2006,1172.235776,172
Colorado,1170.098336,2016,1170.098336,53
Arizona,1157.498436,2010,1157.498436,113
Georgia,1149.880924,2008,1149.880924,178
Washington,1141.788044,2016,1141.788044,56
Tennessee,1134.167978,2014,1134.167978,62
Arizona,1132.964012,2009,1132.964012,186
Tennessee,1128.343953,2015,1128.343953,174
Virginia,1127.048191,2013,1127.048191,191
Georgia,1124.015045,2007,1124.015045,183
Colorado,1123.63345,2018,1123.63345,60
Washington,1114.020899,2014,1114.020899,68
North Carolina,1107.253211,2005,1107.253211,183
Indiana,1103.801528,2017,1103.801528,197
Arizona,1098.348269,2007,1098.348269,188
Virginia,1096.023775,2011,1096.023775,196
Tennessee,1095.899656,2012,1095.899656,198
Georgia,1090.752798,2006,1090.752798,189
Arizona,1090.422752,2008,1090.422752,193
Arizona,1087.541751,2006,1087.541751,191
North Carolina,1085.988892,2004,1085.988892,166
Tennessee,1083.999336,2011,1083.999336,202
Colorado,1077.76202,2014,1077.76202,79
Missouri,1071.565442,2015,1071.565442,190
North Carolina,1066.418194,2003,1066.418194,194
Indiana,1061.370047,2013,1061.370047,208
Tennessee,1056.310472,2009,1056.310472,206
Virginia,1040.871748,2009,1040.871748,207
Virginia,1036.455979,2008,1036.455979,203
North Carolina,1034.119169,2001,1034.119169,194
Georgia,1032.17092,2003,1032.17092,200
Arizona,1028.155224,2005,1028.155224,202
Colorado,1027.154659,2013,1027.154659,215
Tennessee,1024.91243,2008,1024.91243,208
Indiana,1024.202078,2011,1024.202078,215
Colorado,1021.670503,2012,1021.670503,217
North Carolina,1018.369359,2000,1018.369359,168
Georgia,1015.272025,2002,1015.272025,203
Georgia,1013.579165,2001,1013.579165,203
Washington,1013.086747,2009,1013.086747,219
Tennessee,1005.352176,2007,1005.352176,214
Virginia,1002.500545,2007,1002.500545,215
Colorado,998.8990638,2011,998.8990638,223
Tennessee,997.1321697,2006,997.1321697,215
Maryland,994.4546674,2016,994.4546674,96
Georgia,985.6055058,2000,985.6055058,177
Washington,980.6353175,2008,980.6353175,221
Tennessee,972.5182139,2005,972.5182139,218
Georgia,972.0813399,1996,972.0813399,185
Virginia,971.4499662,2006,971.4499662,221
North Carolina,960.7621458,1998,960.7621458,218
Missouri,960.4329403,2010,960.4329403,162
Colorado,959.6741218,2009,959.6741218,232
Arizona,954.7340339,2004,954.7340339,199
Georgia,949.6677179,1995,949.6677179,227
Indiana,948.8995901,2006,948.8995901,227
Virginia,948.1591535,2005,948.1591535,227
North Carolina,945.6193472,1997,945.6193472,226
North Carolina,944.5098518,1996,944.5098518,195
Georgia,943.908536,1993,943.908536,238
Colorado,941.1424163,2010,941.1424163,171
Tennessee,940.3154277,2004,940.3154277,207
Indiana,939.4889635,2007,939.4889635,236
Arizona,938.0884871,2003,938.0884871,233
North Carolina,932.9014947,1994,932.9014947,240
Georgia,931.5556804,1994,931.5556804,241
Georgia,930.4338338,1990,930.4338338,244
Georgia,926.7380642,1991,926.7380642,244
Virginia,925.5159391,2003,925.5159391,238
Arizona,923.6543302,2002,923.6543302,235
Colorado,923.5940324,2008,923.5940324,245
Missouri,918.9086598,2008,918.9086598,246
Washington,917.7451699,2006,917.7451699,244
North Carolina,916.8876129,1993,916.8876129,252
Georgia,913.5187851,1992,913.5187851,212
Tennessee,912.3454783,2003,912.3454783,245
North Carolina,907.6541399,1990,907.6541399,254
Washington,905.1017913,2005,905.1017913,248
Maryland,902.6430883,1995,902.6430883,251
Indiana,897.3241459,2005,897.3241459,250
Virginia,895.3130948,2002,895.3130948,246
North Carolina,892.8310949,1991,892.8310949,258
North Carolina,891.0980006,1992,891.0980006,220
Virginia,886.3633131,1995,886.3633131,256
Virginia,885.333098,1996,885.333098,221
Virginia,884.9395083,1993,884.9395083,264
Tennessee,882.5723505,2002,882.5723505,252
Virginia,881.0310201,1994,881.0310201,263
Washington,879.5825654,2003,879.5825654,258
Washington,879.3942977,1996,879.3942977,226
Colorado,878.0383125,2007,878.0383125,264
Maryland,877.7746329,1996,877.7746329,228
Arizona,877.1781158,2001,877.1781158,257
Virginia,874.8496774,1997,874.8496774,262
Washington,874.1973935,2002,874.1973935,260
Wisconsin,873.0907608,2015,873.0907608,262
Indiana,872.5986955,2003,872.5986955,266
Virginia,872.2730517,1998,872.2730517,265
Washington,872.2603259,2004,872.2603259,244
Virginia,870.6102183,1991,870.6102183,276
Virginia,870.4891908,2001,870.4891908,265
Virginia,870.0467677,2000,870.0467677,233
Virginia,867.4371173,1990,867.4371173,280
Maryland,864.7022212,1994,864.7022212,279
Alabama,864.5849124,2016,864.5849124,156
Virginia,863.9397822,1999,863.9397822,269
Washington,860.4616753,1995,860.4616753,279
Missouri,859.3508685,2007,859.3508685,281
Arizona,856.1203312,2000,856.1203312,240
Maryland,855.570414,1998,855.570414,277
Tennessee,853.23647,2001,853.23647,275
Alabama,849.8887723,2015,849.8887723,278
Washington,844.7070363,1997,844.7070363,281
Tennessee,843.8239844,2000,843.8239844,245
Colorado,840.3695121,2006,840.3695121,286
Missouri,839.785874,2005,839.785874,286
Arizona,839.2241274,1998,839.2241274,284
Arizona,836.5366137,1999,836.5366137,281
Colorado,836.4707308,2005,836.4707308,289
Washington,836.4424131,2000,836.4424131,251
Washington,836.2082357,1998,836.2082357,288
Washington,835.1645269,1994,835.1645269,297
Arizona,832.9366757,1996,832.9366757,259
Indiana,832.4799507,2001,832.4799507,288
Washington,826.879084,2001,826.879084,289
Alabama,826.5415626,2014,826.5415626,182
Arizona,824.9762381,1995,824.9762381,299
Washington,824.4967066,1993,824.4967066,306
Wisconsin,824.4775442,2011,824.4775442,309
Arizona,823.5475867,1997,823.5475867,298
Massachusetts,823.0257791,1994,823.0257791,306
Massachusetts,822.7878963,1995,822.7878963,304
Wisconsin,821.1414714,2012,821.1414714,314
Maryland,820.840269,2012,820.840269,315
Tennessee,820.5548593,1999,820.5548593,298
Indiana,816.5616015,2000,816.5616015,267
Alabama,816.0608271,2012,816.0608271,318
Indiana,810.6331439,1995,810.6331439,310
Colorado,810.2671955,2003,810.2671955,308
Tennessee,808.6009946,1998,808.6009946,307
Maryland,808.2801714,2009,808.2801714,320
Colorado,808.0491526,2004,808.0491526,287
Massachusetts,807.6803565,1996,807.6803565,279
Arizona,806.3194299,1994,806.3194299,319
Missouri,805.8326824,1995,805.8326824,317
Indiana,805.0846318,1994,805.0846318,321
Massachusetts,805.0725399,1992,805.0725399,284
Tennessee,804.2816608,1997,804.2816608,316
Indiana,804.1699821,1998,804.1699821,316
Massachusetts,802.6923186,1993,802.6923186,328
Wisconsin,802.1390684,2010,802.1390684,261
Indiana,801.1502561,1991,801.1502561,328
Missouri,798.7949904,2002,798.7949904,318
Colorado,797.9625344,2002,797.9625344,319
Maryland,797.8735818,2011,797.8735818,335
Missouri,797.851852,2003,797.851852,325
Alabama,796.8709165,2011,796.8709165,337
Indiana,795.2097118,1993,795.2097118,336
Indiana,795.0007115,1997,795.0007115,327
Washington,792.7679161,1992,792.7679161,297
Massachusetts,792.5186883,1997,792.5186883,329
Indiana,792.339317,1999,792.339317,325
Washington,791.2687986,1990,791.2687986,340
Maryland,788.982153,2006,788.982153,335
Missouri,788.0404539,2001,788.0404539,329
Missouri,785.9738261,1996,785.9738261,302
Alabama,784.374643,2010,784.374643,277
Tennessee,784.1142103,1995,784.1142103,340
Oregon,781.9181052,2016,781.9181052,220
Maryland,781.0086767,2000,781.0086767,301
Wisconsin,780.9877176,2007,780.9877176,344
Oklahoma,780.1802077,2016,780.1802077,223
Indiana,780.1421454,1990,780.1421454,350
New Jersey,779.240047,2013,779.240047,356
Washington,778.8681004,1991,778.8681004,351
New Jersey,778.585701,2014,778.585701,232
Tennessee,778.554731,1996,778.554731,313
Maryland,777.694848,2003,777.694848,347
Maryland,777.3604969,1992,777.3604969,316
Maryland,776.5693303,2010,776.5693303,290
Indiana,776.2947767,1992,776.2947767,318
Arizona,776.0215292,1993,776.0215292,360
Massachusetts,775.5991606,1998,775.5991606,350
South Carolina,772.8878878,2015,772.8878878,350
Wisconsin,771.9711092,2008,771.9711092,359
Colorado,771.6336764,2001,771.6336764,350
Maryland,770.5062405,2002,770.5062405,352
Wisconsin,770.2538264,2009,770.2538264,367
Oregon,769.6163991,2014,769.6163991,245
Missouri,768.8940315,2000,768.8940315,321
Missouri,768.5400762,1991,768.5400762,367
Missouri,768.1028947,1993,768.1028947,370
New Jersey,765.092671,2012,765.092671,374
Maryland,764.3448497,2001,764.3448497,358
Maryland,763.6636292,2004,763.6636292,340
Oklahoma,762.2397071,2014,762.2397071,252
Alabama,759.2588617,2008,759.2588617,371
Massachusetts,757.5199242,1990,757.5199242,375
Missouri,753.9261952,1992,753.9261952,336
Missouri,753.8232301,1990,753.8232301,377
New Jersey,753.3628601,2011,753.3628601,381
Minnesota,752.2562862,2015,752.2562862,368
Tennessee,750.8776333,1993,750.8776333,381
Massachusetts,750.8186802,1991,750.8186802,380
Tennessee,748.6553886,1994,748.6553886,380
Oregon,738.9266711,2013,738.9266711,388
Alabama,735.1390214,2007,735.1390214,380
Wisconsin,735.1063137,2006,735.1063137,379
Massachusetts,735.0049943,2016,735.0049943,260
Alabama,734.0163792,2006,734.0163792,381
South Carolina,732.8056659,2014,732.8056659,267
Maryland,730.1858673,1991,730.1858673,388
Oregon,730.10388,2012,730.10388,394
Oklahoma,728.7345176,2012,728.7345176,395
Maryland,727.2252068,1990,727.2252068,392
Minnesota,724.302056,2014,724.302056,272
Tennessee,723.1832391,1992,723.1832391,354
Colorado,723.0855181,1995,723.0855181,390
Tennessee,721.7440145,1990,721.7440145,396
Oregon,721.6092576,2011,721.6092576,400
Massachusetts,721.5249958,2002,721.5249958,386
Oklahoma,720.9722177,2011,720.9722177,402
Kentucky,719.4774248,2010,719.4774248,333
Massachusetts,718.9166692,2001,718.9166692,388
Arizona,716.2030428,1992,716.2030428,362
New Jersey,715.7846862,2006,715.7846862,397
Colorado,715.6268564,2000,715.6268564,358
Colorado,712.5294435,1996,712.5294435,364
Colorado,712.4061068,1994,712.4061068,404
Tennessee,711.7735629,1991,711.7735629,406
South Carolina,710.5041391,2013,710.5041391,413
New Jersey,710.0245667,1994,710.0245667,407
Wisconsin,709.9266388,2003,709.9266388,402
Massachusetts,709.5498903,2003,709.5498903,403
New Jersey,709.350252,1995,709.350252,407
Colorado,706.8306079,1998,706.8306079,403
Wisconsin,705.8430983,2002,705.8430983,402
Oregon,703.9608332,2009,703.9608332,417
Massachusetts,703.8537638,2000,703.8537638,370
Minnesota,702.438181,2011,702.438181,420
Colorado,702.2704052,1997,702.2704052,409
Oregon,698.2954318,2010,698.2954318,352
Arizona,695.9379126,1991,695.9379126,419
Oklahoma,695.8981713,2010,695.8981713,354
Wisconsin,694.7451454,2004,694.7451454,390
Massachusetts,693.0228908,2018,693.0228908,295
Wisconsin,685.8297576,2001,685.8297576,411
Alabama,685.3523895,2005,685.3523895,418
South Carolina,685.0712404,2012,685.0712404,430
New Jersey,684.6755845,2001,684.6755845,414
New Jersey,684.5862501,2005,684.5862501,421
New Jersey,683.3747611,2003,683.3747611,421
New Jersey,683.3179786,2002,683.3179786,418
New Jersey,681.8938036,1993,681.8938036,432
New Jersey,680.3143878,2000,680.3143878,386
Minnesota,679.8069601,2010,679.8069601,366
Oklahoma,679.2223896,2009,679.2223896,436
South Carolina,678.638019,2011,678.638019,438
Arizona,678.3938113,1990,678.3938113,436
Kentucky,676.0304491,2007,676.0304491,433
Oregon,673.2406744,2008,673.2406744,435
New Jersey,672.959643,2004,672.959643,407
Louisiana,671.9434808,2018,671.9434808,312
New Jersey,671.6897226,1999,671.6897226,427
Oregon,670.5878059,2007,670.5878059,438
Massachusetts,669.4771033,2004,669.4771033,411
Colorado,669.4369857,1993,669.4369857,445
New Jersey,669.1829508,1992,669.1829508,405
Wisconsin,668.3813622,2000,668.3813622,400
Kentucky,668.1693435,2006,668.1693435,441
Alabama,667.1458269,2004,667.1458269,416
Utah,667.036449,2016,667.036449,323
Wisconsin,666.0402148,1990,666.0402148,450
New Jersey,665.7518677,1998,665.7518677,441
Wisconsin,661.270139,1993,661.270139,453
New Jersey,661.224391,1990,661.224391,453
Wisconsin,661.1794423,1996,661.1794423,413
New Jersey,659.0359194,1991,659.0359194,454
Wisconsin,658.8130441,1998,658.8130441,446
Wisconsin,658.1717939,1994,658.1717939,455
Wisconsin,657.2472339,1999,657.2472339,444
Wisconsin,654.3035679,1995,654.3035679,454
Alabama,651.3835486,2003,651.3835486,452
Wisconsin,650.9555917,1997,650.9555917,452
Massachusetts,645.7135404,2009,645.7135404,464
Oregon,645.2990535,2006,645.2990535,457
Minnesota,645.2823316,2008,645.2823316,461
Louisiana,644.7712278,2005,644.7712278,458
Louisiana,643.8698141,2012,643.8698141,470
Wisconsin,643.6589604,1991,643.6589604,466
Kentucky,643.0613959,2005,643.0613959,461
Massachusetts,643.0405394,2010,643.0405394,402
South Carolina,637.8890971,2009,637.8890971,472
Alabama,637.0655238,1995,637.0655238,466
Colorado,636.2202689,1991,636.2202689,471
Louisiana,635.4073404,2010,635.4073404,406
Wisconsin,634.6132579,1992,634.6132579,434
Alabama,634.1733624,2002,634.1733624,463
Oregon,632.4878833,2005,632.4878833,469
Alabama,632.3175939,1999,632.3175939,463
Alabama,632.2525313,2000,632.2525313,432
Kentucky,629.8698504,2004,629.8698504,447
Colorado,629.4688355,1992,629.4688355,440
Louisiana,629.1634197,2008,629.1634197,478
Kentucky,628.5640809,2003,628.5640809,474
Utah,628.2892478,2014,628.2892478,362
Alabama,627.0444599,1997,627.0444599,475
Alabama,627.0025471,1998,627.0025471,475
Alabama,626.8222269,1996,626.8222269,445
Alabama,622.2640019,2001,622.2640019,474
Minnesota,621.382442,2006,621.382442,482
Louisiana,621.3313464,2004,621.3313464,457
South Carolina,621.0124523,2008,621.0124523,487
Massachusetts,618.6810113,2008,618.6810113,488
Alabama,617.0862885,1994,617.0862885,490
Louisiana,614.7551548,2006,614.7551548,487
Oregon,613.270732,2003,613.270732,486
Utah,610.4338081,2013,610.4338081,500
Oregon,604.6728478,2004,604.6728478,464
Louisiana,604.4551207,2003,604.4551207,489
Alabama,604.2085961,1993,604.2085961,499
Louisiana,604.114301,1993,604.114301,500
Utah,602.6587815,2012,602.6587815,504
South Carolina,601.6008714,2007,601.6008714,497
Louisiana,601.2454119,1994,601.2454119,500
Louisiana,598.2426301,1991,598.2426301,502
Colorado,598.190774,1990,598.190774,504
Nevada,598.0530595,2014,598.0530595,384
Oklahoma,597.8380161,2006,597.8380161,500
Oregon,597.0375202,2002,597.0375202,495
Louisiana,595.4750635,1992,595.4750635,468
Louisiana,595.243211,1990,595.243211,509
Arkansas,594.3487219,2015,594.3487219,499
Alabama,593.0287729,1991,593.0287729,510
Louisiana,592.3456685,1995,592.3456685,507
Louisiana,592.2001775,2002,592.2001775,501
Louisiana,592.073371,1996,592.073371,473
Oklahoma,591.7530349,2005,591.7530349,508
Oregon,590.3296668,1998,590.3296668,506
Arkansas,590.2824119,2016,590.2824119,391
Nevada,589.3357323,2013,589.3357323,523
Kentucky,589.2953463,2001,589.2953463,506
Oregon,588.6030021,1996,588.6030021,479
Alabama,587.8148826,1992,587.8148826,481
Louisiana,586.8877122,1997,586.8877122,513
South Carolina,586.1835695,2006,586.1835695,517
Utah,582.2911187,2011,582.2911187,527
Arkansas,580.8321754,2017,580.8321754,531
Louisiana,577.4429448,1998,577.4429448,516
Louisiana,577.1665065,2001,577.1665065,514
Minnesota,576.6086976,2003,576.6086976,520
Nevada,576.5123576,2012,576.5123576,533
Minnesota,575.9662064,2004,575.9662064,498
Louisiana,575.434415,2000,575.434415,485
Alabama,575.3129558,1990,575.3129558,532
Minnesota,574.1217637,2002,574.1217637,521
Oregon,572.3701157,1997,572.3701157,525
Oregon,571.8663445,2001,571.8663445,522
Oregon,571.6847431,1995,571.6847431,531
Kentucky,567.9959497,2000,567.9959497,491
Minnesota,567.9251109,1995,567.9251109,533
South Carolina,565.2802511,2005,565.2802511,532
Oklahoma,564.0372555,2004,564.0372555,508
Arkansas,563.5795707,2013,563.5795707,546
Oklahoma,562.1224522,2002,562.1224522,530
Nevada,561.828035,2008,561.828035,540
Oklahoma,561.8210307,2003,561.8210307,536
Minnesota,561.5433205,1994,561.5433205,543
Nevada,560.7647318,2009,560.7647318,548
Oregon,560.0185889,1994,560.0185889,545
Arkansas,556.9073115,2012,556.9073115,552
Kentucky,556.2444603,1993,556.2444603,550
Nevada,556.042372,2007,556.042372,546
Kentucky,555.3326127,1997,555.3326127,542
Minnesota,554.1087534,1992,554.1087534,512
Utah,554.0495531,2009,554.0495531,555
Minnesota,553.5377937,1991,553.5377937,553
Minnesota,553.4382235,1996,553.4382235,514
Kentucky,553.2234422,1994,553.2234422,554
Kentucky,552.3549703,1995,552.3549703,552
Kentucky,551.4269669,1999,551.4269669,544
Minnesota,550.9104623,1990,550.9104623,559
Arkansas,550.1444585,2011,550.1444585,563
Minnesota,549.2348146,2001,549.2348146,548
Oregon,546.6584373,2000,546.6584373,516
Oklahoma,545.9874754,2000,545.9874754,517
Kentucky,545.93219,1998,545.93219,554
Kentucky,543.3759316,1990,543.3759316,565
Kentucky,542.6921806,1991,542.6921806,565
Nevada,542.6486018,2006,542.6486018,561
Oklahoma,539.9108956,1997,539.9108956,559
Kentucky,539.7717906,1992,539.7717906,529
Oregon,537.3722791,1993,537.3722791,571
Oklahoma,536.6199856,1999,536.6199856,557
Arkansas,536.2211141,2008,536.2211141,569
Nevada,533.599699,2005,533.599699,566
Arkansas,531.4778525,2009,531.4778525,576
Oklahoma,530.6288709,1998,530.6288709,565
Utah,529.6668422,2008,529.6668422,573
Oklahoma,526.9945677,1995,526.9945677,572
South Carolina,524.660117,2003,524.660117,570
Oklahoma,519.2090614,1996,519.2090614,538
Oklahoma,519.104889,1994,519.104889,578
Oklahoma,518.0747874,1993,518.0747874,582
South Carolina,517.2106605,2002,517.2106605,570
South Carolina,516.1367892,2001,516.1367892,570
Utah,508.4638732,2006,508.4638732,578
South Carolina,504.6978297,2000,504.6978297,539
Arkansas,502.8881376,2007,502.8881376,582
Oregon,502.7378724,1992,502.7378724,547
South Carolina,496.4953374,1993,496.4953374,589
Oregon,495.2502417,1990,495.2502417,589
Arkansas,493.3522431,2006,493.3522431,584
South Carolina,492.6205431,1996,492.6205431,550
Oregon,490.4724623,1991,490.4724623,591
Nevada,489.6881668,2003,489.6881668,585
South Carolina,488.3020672,1998,488.3020672,584
Oklahoma,487.1282224,1992,487.1282224,555
South Carolina,484.7464542,1995,484.7464542,591
South Carolina,484.3014793,1997,484.3014793,588
Kansas,483.7952332,2015,483.7952332,587
South Carolina,481.3116237,1994,481.3116237,597
Kansas,478.1759269,2017,478.1759269,606
South Carolina,477.6085284,1991,477.6085284,600
Utah,475.9511897,2005,475.9511897,595
South Carolina,475.312419,1992,475.312419,563
Kansas,475.0107345,2012,475.0107345,608
Arkansas,473.2674278,2005,473.2674278,598
Nevada,471.3085471,2002,471.3085471,594
Oklahoma,470.7001096,1991,470.7001096,606
Kansas,467.7604713,2013,467.7604713,613
Utah,460.9989113,2003,460.9989113,601
South Carolina,460.1214369,1990,460.1214369,610
Oklahoma,458.0613474,1990,458.0613474,611
Iowa,457.7372921,2018,457.7372921,484
Kansas,457.723852,2011,457.723852,616
Arkansas,457.7082761,2004,457.7082761,582
Arkansas,452.1988881,2003,452.1988881,607
Mississippi,451.500046,2015,451.500046,605
Arkansas,449.8753494,2002,449.8753494,605
New Mexico,449.4462773,2014,449.4462773,497
Nevada,446.6922587,2001,446.6922587,606
Mississippi,446.1526647,2014,446.1526647,499
Iowa,445.3729733,2013,445.3729733,626
Nevada,442.3558253,2000,442.3558253,576
Arkansas,434.4400434,2001,434.4400434,610
Utah,434.2878937,2002,434.2878937,612
Kansas,433.8914151,2009,433.8914151,627
Mississippi,430.5948158,2010,430.5948158,559
Iowa,429.4568696,2012,429.4568696,631
Mississippi,426.7212032,2008,426.7212032,625
Arkansas,425.7395127,2000,425.7395127,583
Mississippi,425.630575,2007,425.630575,626
New Mexico,425.2125854,2012,425.2125854,635
Utah,424.0159041,1998,424.0159041,622
Mississippi,423.3746404,2009,423.3746404,635
New Mexico,421.5110731,2013,421.5110731,639
Utah,421.244085,2001,421.244085,622
Mississippi,420.1966198,2006,420.1966198,630
Kansas,419.3568539,2008,419.3568539,634
Iowa,417.5394335,2010,417.5394335,571
New Mexico,415.2139667,2011,415.2139667,642
Arkansas,413.6399462,1997,413.6399462,631
Nevada,413.3699456,1995,413.3699456,636
New Mexico,412.182125,2008,412.182125,639
Utah,411.5809258,1999,411.5809258,629
Arkansas,410.3778858,1998,410.3778858,634
Kansas,410.3764011,2007,410.3764011,641
Arkansas,409.7480857,1999,409.7480857,632
Utah,405.0823866,1997,405.0823866,638
Iowa,402.2721143,2008,402.2721143,645
Utah,402.0390523,2000,402.0390523,603
Arkansas,395.9366815,1995,395.9366815,645
New Mexico,394.9876982,2007,394.9876982,647
Arkansas,394.8954787,1996,394.8954787,611
Kansas,391.5374678,2005,391.5374678,646
Mississippi,390.8058006,2004,390.8058006,622
Nevada,390.6767136,1994,390.6767136,653
Arkansas,389.7158261,1994,389.7158261,654
Utah,386.7092502,1996,386.7092502,616
Utah,384.5941442,1995,384.5941442,653
Kansas,380.684595,2004,380.684595,627
Mississippi,377.1104545,2003,377.1104545,652
Arkansas,376.5451282,1993,376.5451282,662
Mississippi,376.4226128,2002,376.4226128,650
Connecticut,374.192399,2015,374.192399,652
New Mexico,373.3315924,2006,373.3315924,658
Utah,370.7305529,1994,370.7305529,663
Connecticut,370.5193574,1994,370.5193574,664
Connecticut,368.4711452,1993,368.4711452,668
Kansas,368.0906973,2003,368.0906973,660
West Virginia,367.0784299,2011,367.0784299,672
Connecticut,366.4609193,2013,366.4609193,675
Iowa,365.9707316,2006,365.9707316,665
Connecticut,364.8386497,1992,364.8386497,632
Mississippi,363.8078374,2001,363.8078374,660
Connecticut,362.1070911,2012,362.1070911,678
Arkansas,361.9345012,1992,361.9345012,635
Kansas,361.7544713,2001,361.7544713,663
West Virginia,361.6025234,2012,361.6025234,681
Iowa,360.7284062,1994,360.7284062,676
Iowa,359.8919572,2003,359.8919572,671
Mississippi,359.764751,2000,359.764751,634
Iowa,359.4768198,1995,359.4768198,676
Connecticut,359.1901833,1991,359.1901833,681
Iowa,359.1588249,2005,359.1588249,676
West Virginia,359.093033,2017,359.093033,690
West Virginia,358.9338622,2015,358.9338622,674
Nevada,358.8508619,1993,358.8508619,687
Connecticut,358.7536008,1995,358.7536008,682
Arkansas,358.3051335,1991,358.3051335,687
Connecticut,358.0768816,1990,358.0768816,689
Mississippi,356.3686371,1997,356.3686371,681
Mississippi,355.4899439,1999,355.4899439,677
New Mexico,353.2064023,2005,353.2064023,685
New Mexico,352.7312335,2004,352.7312335,661
West Virginia,352.6237603,2013,352.6237603,699
Kansas,352.177185,1997,352.177185,686
Mississippi,352.1173922,1995,352.1173922,691
New Mexico,351.943159,2003,351.943159,689
Kansas,351.7695512,1996,351.7695512,657
Iowa,351.6340824,2004,351.6340824,667
Mississippi,351.6286809,1994,351.6286809,698
Iowa,351.4818859,1991,351.4818859,700
Arkansas,351.3635224,1990,351.3635224,702
Connecticut,351.1140869,2011,351.1140869,706
Kansas,350.6439039,2000,350.6439039,658
Kansas,349.9248005,1999,349.9248005,691
Iowa,347.8953797,1993,347.8953797,707
New Mexico,347.4496924,2002,347.4496924,695
Iowa,347.1533979,1997,347.1533979,699
Mississippi,346.2469128,1993,346.2469128,710
Iowa,345.1090866,1998,345.1090866,700
Nevada,345.0010246,1992,345.0010246,671
West Virginia,344.6097963,2009,344.6097963,714
Iowa,344.5331579,2002,344.5331579,701
Kansas,343.5317702,1993,343.5317702,715
Connecticut,343.0409186,1996,343.0409186,674
Utah,342.6534375,1993,342.6534375,717
Iowa,341.8407506,1990,341.8407506,717
Iowa,341.6028795,1992,341.6028795,678
Iowa,341.4601671,2000,341.4601671,673
Kansas,341.0751672,1991,341.0751672,719
Connecticut,340.4014432,2009,340.4014432,723
Mississippi,340.1339703,1992,340.1339703,682
West Virginia,338.6206737,2007,338.6206737,719
Connecticut,338.1073901,2008,338.1073901,721
Idaho,336.7670854,2015,336.7670854,714
Iowa,335.889606,2001,335.889606,713
Kansas,335.0132026,1992,335.0132026,687
New Mexico,334.8518632,2001,334.8518632,715
West Virginia,331.7155623,2008,331.7155623,726
Mississippi,331.6492881,1991,331.6492881,729
Connecticut,331.3679149,2000,331.3679149,685
Connecticut,330.5075267,1997,330.5075267,723
Kansas,328.5116398,1990,328.5116398,733
Nevada,326.6613937,1991,326.6613937,733
Connecticut,325.3602997,2006,325.3602997,729
Connecticut,323.3301108,1998,323.3301108,726
Connecticut,323.1332646,2007,323.1332646,733
West Virginia,322.4258865,2006,322.4258865,732
Connecticut,321.5806452,2005,321.5806452,732
Connecticut,320.6413561,2001,320.6413561,727
New Mexico,320.2555998,2000,320.2555998,695
Connecticut,319.1846004,2003,319.1846004,734
Idaho,318.9738735,2013,318.9738735,748
Connecticut,318.6162947,2004,318.6162947,712
Utah,317.8763982,1992,317.8763982,705
Connecticut,317.4717029,1999,317.4717029,732
New Mexico,317.3760695,1995,317.3760695,742
Nevada,316.4313157,1990,316.4313157,748
Mississippi,315.3095952,1990,315.3095952,749
New Mexico,315.2812711,1997,315.2812711,741
West Virginia,314.1275533,2002,314.1275533,739
West Virginia,311.3132768,2003,311.3132768,744
New Mexico,310.0148057,1998,310.0148057,743
Utah,309.1632196,1991,309.1632196,753
New Mexico,308.7343514,1994,308.7343514,753
West Virginia,307.1011073,2005,307.1011073,749
New Mexico,305.4047788,1993,305.4047788,758
New Mexico,303.876225,1991,303.876225,757
West Virginia,303.2627299,2004,303.2627299,727
Idaho,302.9324028,2012,302.9324028,764
Idaho,301.5605046,2011,301.5605046,764
New Mexico,301.1821935,1990,301.1821935,762
West Virginia,300.0856872,2001,300.0856872,750
New Mexico,299.8536345,1992,299.8536345,724
Utah,295.2422395,1990,295.2422395,765
West Virginia,291.5873172,2000,291.5873172,720
Idaho,287.999569,2009,287.999569,769
West Virginia,287.1537032,1998,287.1537032,758
West Virginia,285.5632778,1993,285.5632778,770
West Virginia,283.9166645,1999,283.9166645,756
West Virginia,280.9361975,1997,280.9361975,762
West Virginia,280.8610843,1996,280.8610843,731
West Virginia,278.9622947,1991,278.9622947,772
West Virginia,278.7032397,1992,278.7032397,734
West Virginia,278.2591306,1995,278.2591306,770
Idaho,270.0172843,2008,270.0172843,773
Nebraska,264.4268385,2014,264.4268385,656
West Virginia,262.3544599,1990,262.3544599,778
Nebraska,260.613172,2015,260.613172,768
Idaho,257.3857541,2007,257.3857541,776
Idaho,250.341259,2006,250.341259,775
Nebraska,246.2544789,2013,246.2544789,787
Idaho,241.3525968,2005,241.3525968,776
Idaho,239.607495,2004,239.607495,752
Montana,237.892979,2014,237.892979,664
Idaho,234.8716423,2003,234.8716423,778
Maine,233.7971741,2015,233.7971741,776
Nebraska,223.6667729,2009,223.6667729,790
Nebraska,222.3475293,2007,222.3475293,785
Nebraska,222.33603,2002,222.33603,778
Nebraska,221.1481727,2006,221.1481727,785
Maine,220.9226122,2013,220.9226122,797
Montana,220.7062981,2008,220.7062981,790
New Hampshire,218.9213213,2014,218.9213213,673
Maine,218.2763631,2012,218.2763631,799
Nebraska,217.8667702,1999,217.8667702,782
Hawaii,216.7515277,2014,216.7515277,676
Idaho,216.5592364,2001,216.5592364,785
Hawaii,216.2990328,2015,216.2990328,788
Nebraska,215.2802375,1994,215.2802375,798
Nebraska,213.8241616,2001,213.8241616,788
Maine,212.4174271,2011,212.4174271,805
Nebraska,212.2927606,2003,212.2927606,795
Hawaii,211.7841196,2011,211.7841196,807
Nebraska,210.8870685,1993,210.8870685,806
Hawaii,210.2871034,2017,210.2871034,812
Nebraska,208.8465187,2000,208.8465187,761
Nebraska,208.7629806,1995,208.7629806,803
Hawaii,208.7402087,2012,208.7402087,813
Maine,208.0126394,2010,208.0126394,743
Montana,207.6937144,2006,207.6937144,805
Hawaii,207.6728908,2013,207.6728908,817
Idaho,207.0668895,1998,207.0668895,803
Montana,207.0392202,2007,207.0392202,810
Nebraska,206.8756858,2004,206.8756858,783
Nebraska,206.8133128,1990,206.8133128,816
Nebraska,206.2151071,1991,206.2151071,816
Nebraska,204.5334349,1992,204.5334349,778
Hawaii,203.9911222,2009,203.9911222,821
Idaho,201.7405655,1999,201.7405655,806
Maine,200.4125751,2009,200.4125751,823
Idaho,199.741138,1995,199.741138,817
Maine,198.8885336,2008,198.8885336,820
Montana,198.2536186,2003,198.2536186,816
Idaho,197.8774673,2000,197.8774673,779
Idaho,197.2476624,1996,197.2476624,785
Maine,196.8501339,2007,196.8501339,823
New Hampshire,195.6492406,2012,195.6492406,832
Idaho,195.5685032,1993,195.5685032,830
Maine,191.5873878,2005,191.5873878,823
Montana,191.1285542,2002,191.1285542,819
Montana,190.9677426,2004,190.9677426,800
Hawaii,188.7801181,2007,188.7801181,829
Idaho,184.6401493,1992,184.6401493,794
Hawaii,180.5170057,2006,180.5170057,829
Montana,180.4775479,1996,180.4775479,795
Maine,180.3810758,2002,180.3810758,825
Maine,180.3711964,2004,180.3711964,806
Montana,180.2133787,1995,180.2133787,834
Maine,178.1352922,1991,178.1352922,839
Montana,177.5611746,2000,177.5611746,795
Maine,176.9765493,1993,176.9765493,843
New Hampshire,176.9355221,2005,176.9355221,836
Maine,176.7304167,2003,176.7304167,836
Maine,176.0325671,1992,176.0325671,805
Montana,175.1840776,1999,175.1840776,832
Idaho,174.7952943,1990,174.7952943,847
New Hampshire,174.1954709,2007,174.1954709,844
Alaska,174.1522227,2017,174.1522227,855
Montana,174.0551125,1994,174.0551125,848
Hawaii,173.3382256,2005,173.3382256,844
Alaska,172.9409414,2015,172.9409414,841
Maine,171.5424447,2000,171.5424447,807
Montana,171.1688025,1993,171.1688025,855
New Hampshire,170.5478569,2006,170.5478569,849
Maine,169.9836566,1990,169.9836566,856
Idaho,169.5578058,1991,169.5578058,856
Maine,168.7238369,1997,168.7238369,849
Maine,167.7404212,1996,167.7404212,818
Montana,167.1726491,1992,167.1726491,820
Hawaii,167.0811762,1994,167.0811762,859
Hawaii,166.6416461,1995,166.6416461,857
Alaska,165.4731894,2014,165.4731894,742
Montana,164.7132503,1991,164.7132503,863
Hawaii,164.6367674,1997,164.6367674,856
New Hampshire,164.3653729,2003,164.3653729,858
New Hampshire,163.7059008,2002,163.7059008,855
New Hampshire,162.7772117,1998,162.7772117,858
Alaska,162.6967944,2012,162.6967944,873
South Dakota,161.3385682,2016,161.3385682,744
Alaska,161.1615263,2011,161.1615263,874
New Hampshire,160.3456126,2004,160.3456126,840
Alaska,159.7453246,2013,159.7453246,878
Hawaii,157.5908757,2001,157.5908757,861
Montana,156.3308547,1990,156.3308547,875
New Hampshire,156.3120596,1990,156.3120596,876
Alaska,155.7715473,2010,155.7715473,810
Hawaii,155.6029046,1999,155.6029046,864
New Hampshire,155.4522702,2000,155.4522702,833
Hawaii,155.1113356,2003,155.1113356,872
Hawaii,154.4005053,1992,154.4005053,841
Hawaii,154.06764,2002,154.06764,870
Hawaii,153.9363827,1993,153.9363827,884
New Hampshire,153.2449702,1991,153.2449702,883
New Hampshire,153.1605742,1993,153.1605742,886
New Hampshire,152.6992053,1994,152.6992053,884
Hawaii,152.3458152,2000,152.3458152,841
New Hampshire,151.8655183,1999,151.8655183,874
Alaska,150.4002022,2009,150.4002022,891
New Hampshire,149.306928,1992,149.306928,850
South Dakota,148.8251322,2014,148.8251322,770
Hawaii,148.7577606,1990,148.7577606,892
Alaska,148.2768078,2008,148.2768078,890
Hawaii,146.5972368,1991,146.5972368,893
Alaska,143.752291,2007,143.752291,891
South Dakota,142.307836,2013,142.307836,901
South Dakota,139.7532802,2012,139.7532802,901
Rhode Island,137.1100767,1993,137.1100767,899
Alaska,136.3120272,2006,136.3120272,893
South Dakota,135.2276979,2011,135.2276979,903
Rhode Island,133.3925243,1990,133.3925243,901
Rhode Island,132.2943946,1994,132.2943946,900
South Dakota,131.5329739,2009,131.5329739,905
Alaska,131.2373629,2004,131.2373629,872
Alaska,131.1103211,2005,131.1103211,898
Wyoming,130.975047,2014,130.975047,785
Rhode Island,130.927501,2015,130.927501,896
Wyoming,130.7289527,2016,130.7289527,782
Rhode Island,130.7268446,2002,130.7268446,897
Rhode Island,129.572321,1992,129.572321,870
North Dakota,129.3567667,2014,129.3567667,790
Rhode Island,129.0805483,1997,129.0805483,903
Rhode Island,128.6912584,1991,128.6912584,912
Rhode Island,128.3118319,2003,128.3118319,906
Delaware,126.9303643,2016,126.9303643,789
North Dakota,126.8191585,2013,126.8191585,921
Rhode Island,126.4652106,2014,126.4652106,796
Rhode Island,126.3519446,2001,126.3519446,905
Rhode Island,126.0915048,2009,126.0915048,921
Delaware,125.8931007,2015,125.8931007,909
Rhode Island,125.1997247,2010,125.1997247,854
Alaska,125.1609707,2003,125.1609707,914
Alaska,124.8694139,2002,124.8694139,911
South Dakota,124.3468354,2008,124.3468354,921
Rhode Island,123.9675154,2012,123.9675154,929
Delaware,123.6841223,2012,123.6841223,930
Rhode Island,123.6094099,1998,123.6094099,917
Rhode Island,123.4369174,1995,123.4369174,923
Rhode Island,123.4144475,2000,123.4144475,883
Rhode Island,123.3350046,2008,123.3350046,927
Wyoming,123.2708678,2010,123.2708678,864
Rhode Island,122.7130367,2004,122.7130367,900
Delaware,122.4992747,2014,122.4992747,812
Rhode Island,122.2806869,1996,122.2806869,893
Delaware,122.0075537,2011,122.0075537,938
South Dakota,121.9846967,2005,121.9846967,929
Rhode Island,121.8037576,1999,121.8037576,923
South Dakota,120.9999007,2006,120.9999007,932
Rhode Island,120.8916177,2011,120.8916177,942
Delaware,120.8506099,2010,120.8506099,873
Rhode Island,120.6895206,2006,120.6895206,935
Alaska,120.1360225,2001,120.1360225,929
Wyoming,119.483469,2009,119.483469,945
North Dakota,118.6949636,2012,118.6949636,948
Alaska,118.5578446,2000,118.5578446,899
South Dakota,118.0852679,2003,118.0852679,938
Delaware,117.8454847,2008,117.8454847,944
Wyoming,117.7492549,2008,117.7492549,945
South Dakota,117.541821,2007,117.541821,945
Rhode Island,117.452314,2005,117.452314,943
South Dakota,115.228897,1996,115.228897,910
South Dakota,114.842865,1998,114.842865,942
South Dakota,114.5379955,1997,114.5379955,944
Alaska,114.2333074,1996,114.2333074,913
Delaware,113.4268185,2007,113.4268185,951
Alaska,113.2112696,1995,113.2112696,951
Alaska,112.8217105,1997,112.8217105,948
North Dakota,112.0840096,2011,112.0840096,961
South Dakota,111.694362,2002,111.694362,947
Alaska,111.5649355,1999,111.5649355,946
Alaska,110.978454,1994,110.978454,959
Alaska,110.9121227,1998,110.9121227,952
South Dakota,110.8015733,1995,110.8015733,958
Vermont,110.7207159,2015,110.7207159,953
South Dakota,110.700747,2001,110.700747,952
South Dakota,110.2304126,2000,110.2304126,920
Wyoming,109.076098,2006,109.076098,961
South Dakota,108.9901176,1994,108.9901176,966
Delaware,108.6018214,2006,108.6018214,963
North Dakota,108.2448284,2010,108.2448284,903
Alaska,108.1267357,1993,108.1267357,972
South Dakota,107.1531776,1993,107.1531776,973
Vermont,105.6457379,2013,105.6457379,978
Vermont,104.6942772,2012,104.6942772,978
Vermont,104.1693334,2011,104.1693334,978
Delaware,103.0490357,2004,103.0490357,944
Alaska,102.9639192,1992,102.9639192,937
South Dakota,102.424597,1992,102.424597,938
Delaware,101.6695642,2003,101.6695642,971
South Dakota,101.4314291,1991,101.4314291,979
South Dakota,99.85497922,1990,99.85497922,981
Wyoming,99.51937306,2002,99.51937306,970
Delaware,99.47562573,2001,99.47562573,970
Delaware,99.42119196,2002,99.42119196,972
Vermont,99.36310691,2010,99.36310691,918
Alaska,98.96070671,1991,98.96070671,985
Wyoming,98.94396587,2003,98.94396587,979
Wyoming,98.47198545,2004,98.47198545,956
Delaware,98.43751563,1994,98.43751563,987
Delaware,97.47425126,1996,97.47425126,949
Wyoming,97.15654391,2001,97.15654391,978
Alaska,96.45681887,1990,96.45681887,992
Delaware,95.892785,2000,95.892785,947
Vermont,95.5660293,2009,95.5660293,996
Vermont,94.86030845,2008,94.86030845,992
Delaware,94.79719592,1995,94.79719592,991
North Dakota,94.22857077,2007,94.22857077,993
Delaware,93.68976365,1999,93.68976365,984
Delaware,93.50332399,1998,93.50332399,989
Wyoming,92.36023396,2000,92.36023396,954
Wyoming,92.16300171,1994,92.16300171,999
Vermont,92.15395256,2007,92.15395256,998
Wyoming,91.96638278,1995,91.96638278,998
Vermont,91.18187087,2006,91.18187087,998
Wyoming,91.02132853,1998,91.02132853,995
North Dakota,90.8241542,2006,90.8241542,1000
Wyoming,90.79712475,1997,90.79712475,998
Wyoming,90.47656233,1993,90.47656233,1009
Wyoming,90.3817255,1996,90.3817255,968
Delaware,89.6859985,1992,89.6859985,970
Vermont,89.48252696,1992,89.48252696,971
Vermont,88.73547098,1990,88.73547098,1012
Vermont,88.54183911,1991,88.54183911,1012
North Dakota,88.42007542,2005,88.42007542,1007
Vermont,88.31772097,1993,88.31772097,1016
Vermont,88.13859828,2005,88.13859828,1009
Vermont,87.98922114,2004,87.98922114,985
Wyoming,87.47596418,1992,87.47596418,978
Vermont,87.07506887,2003,87.07506887,1011
Delaware,86.92290568,1990,86.92290568,1020
Vermont,86.66586675,1998,86.66586675,1011
Vermont,86.64743225,2000,86.64743225,976
Vermont,86.49208235,2002,86.49208235,1011
Delaware,86.25284193,1991,86.25284193,1023
Vermont,85.71258372,1999,85.71258372,1011
Vermont,85.58747632,2001,85.58747632,1013
Vermont,85.20339602,1996,85.20339602,986
Vermont,84.77892677,1995,84.77892677,1023
Wyoming,84.70628314,1991,84.70628314,1028
North Dakota,84.65465523,2003,84.65465523,1022
North Dakota,83.97962326,2004,83.97962326,999
Vermont,83.60604731,1997,83.60604731,1023
North Dakota,83.58451736,1995,83.58451736,1028
North Dakota,83.20241148,1994,83.20241148,1032
Wyoming,83.10312536,1990,83.10312536,1035
North Dakota,82.65080777,1997,82.65080777,1027
North Dakota,82.54784081,1996,82.54784081,996
North Dakota,82.41525513,2002,82.41525513,1026
North Dakota,82.34305784,1998,82.34305784,1029
District of Columbia,81.18462048,1990,81.18462048,1040
North Dakota,81.1503422,1990,81.1503422,1041
North Dakota,81.06006329,2001,81.06006329,1029
North Dakota,81.02481773,1991,81.02481773,1042
North Dakota,80.03162129,1992,80.03162129,1004
North Dakota,79.98599615,2000,79.98599615,999
North Dakota,79.91833108,1993,79.91833108,1047
District of Columbia,74.64667961,1991,74.64667961,1046
District of Columbia,73.19865633,1992,73.19865633,1008
District of Columbia,70.9252779,1993,70.9252779,1050
District of Columbia,67.47653888,1994,67.47653888,1048
District of Columbia,64.03777872,1995,64.03777872,1046
District of Columbia,60.20195548,1996,60.20195548,1011
District of Columbia,58.11811517,1997,58.11811517,1044
District of Columbia,55.01816441,1998,55.01816441,1044
District of Columbia,54.14302266,2001,54.14302266,1042
District of Columbia,53.88381136,2018,53.88381136,928
District of Columbia,53.30152721,2003,53.30152721,1049
District of Columbia,53.18039634,2002,53.18039634,1046
District of Columbia,52.12547188,2008,52.12547188,1056
District of Columbia,51.04212882,2000,51.04212882,1014
District of Columbia,50.43844007,2005,50.43844007,1054
District of Columbia,50.28419755,2009,50.28419755,1064
District of Columbia,49.66734495,2004,49.66734495,1031
District of Columbia,49.51366426,2006,49.51366426,1058
District of Columbia,48.8760061,2010,48.8760061,998
District of Columbia,47.90942227,2014,47.90942227,945
District of Columbia,46.64389429,2011,46.64389429,1070
District of Columbia,44.97473154,2013,44.97473154,1073
District of Columbia,44.70102463,2012,44.70102463,1073
